model,model_label,date,observed_cases,predicted_cases,population,observed_incidence_per_100k,predicted_incidence_per_100k
S11,S11 rainfall space-time,2017-03-27,506,427.31792894016826,17195818,2.9425759216572307,2.485010767967934
S11,S11 rainfall space-time,2017-04-03,486,414.1053001921151,17195818,2.826268572975127,2.408174477027584
S11,S11 rainfall space-time,2017-04-10,367,341.31471301794755,16553311,2.2170791088260224,2.061912042961964
S11,S11 rainfall space-time,2017-04-17,420,323.3914835855779,16553311,2.5372567457954482,1.9536362458578702
S11,S11 rainfall space-time,2017-04-24,414,376.42526546032315,16553311,2.5010102208555134,2.274017962088208
S11,S11 rainfall space-time,2017-05-01,399,386.8987010514268,16553311,2.410393908505676,2.3372889028148314
S11,S11 rainfall space-time,2017-05-08,335,305.3818438417266,16553311,2.0237643091463697,1.8448384365020785
S11,S11 rainfall space-time,2017-05-15,357,397.1910897097453,16553311,2.156668233926131,2.399466123180706
S11,S11 rainfall space-time,2017-05-22,258,242.58524198219973,16553311,1.558600572417204,1.4654786705946607
S11,S11 rainfall space-time,2017-05-29,333,232.91534208915883,16553311,2.0116821341663913,1.4070619593213636
S11,S11 rainfall space-time,2017-06-05,371,206.77736668564907,16553311,2.2412434587859793,1.2491601630975764
S11,S11 rainfall space-time,2017-06-12,220,204.59858569954474,16553311,1.3290392477976158,1.2359979565389954
S11,S11 rainfall space-time,2017-06-19,250,153.1090544152285,16553311,1.5102718724972908,0.9249451932319069
S11,S11 rainfall space-time,2017-06-26,191,137.09619408054016,16553311,1.1538477105879301,0.8282101029850776
S11,S11 rainfall space-time,2017-07-03,212,185.06331946655513,16553311,1.2807105478777026,1.1179837040852743
S11,S11 rainfall space-time,2017-07-10,189,114.4992074641642,16553311,1.141765535607952,0.6916997298254361
S11,S11 rainfall space-time,2017-07-17,161,119.63430791768023,16553311,0.9726150858882552,0.7227213209350095
S11,S11 rainfall space-time,2017-07-24,147,97.55947440019416,16553311,0.8880398610284069,0.589365320328931
S11,S11 rainfall space-time,2017-07-31,177,94.58502584640638,16553311,1.0692724857280818,0.5713964163810272
S11,S11 rainfall space-time,2017-08-07,107,87.31714106453663,16553311,0.6463963614288404,0.5274904885465912
S11,S11 rainfall space-time,2017-08-14,127,86.86704973624332,16456078,0.7717513249511823,0.5278721317208348
S11,S11 rainfall space-time,2017-08-21,125,88.95953907307944,16456078,0.7595977607787227,0.5405877334385474
S11,S11 rainfall space-time,2017-08-28,115,97.88728847386344,16182090,0.7106622197750724,0.6049112844747708
S11,S11 rainfall space-time,2017-09-04,109,86.36864295695678,17061502,0.6388652065920105,0.5062194580345668
S11,S11 rainfall space-time,2017-09-11,121,94.04796523365931,16984702,0.712405787278458,0.5537216092084472
S11,S11 rainfall space-time,2017-09-18,153,100.94389400145958,17098585,0.8948108863979095,0.590364021358841
S11,S11 rainfall space-time,2017-09-25,123,103.26872051499063,17098585,0.7193577714179273,0.6039606231450768
S11,S11 rainfall space-time,2017-10-02,162,105.06672255520338,17098585,0.9474468208919041,0.6144761251015998
S11,S11 rainfall space-time,2017-10-09,152,102.24819996127783,17195818,0.8839358499839902,0.5946108522506917
S11,S11 rainfall space-time,2017-10-16,166,134.72014757508427,17098585,0.9708405695559018,0.7879023180870479
S11,S11 rainfall space-time,2017-10-23,143,113.68757162968473,17098585,0.8363265147379155,0.6648946192312681
S11,S11 rainfall space-time,2017-10-30,147,146.40308711813825,17098585,0.8597202634019132,0.856229255918769
S11,S11 rainfall space-time,2017-11-06,194,159.50659444407745,17098585,1.1345968102038853,0.9328642951687374
S11,S11 rainfall space-time,2017-11-13,200,164.18767085639587,17098585,1.1696874331998819,0.9602412764354235
S11,S11 rainfall space-time,2017-11-20,183,171.61778034942733,17195818,1.0642122404412515,0.9980204509574789
S11,S11 rainfall space-time,2017-11-27,203,158.3716604056401,17195818,1.1805195891233553,0.9209893964081273
S11,S11 rainfall space-time,2018-02-05,491,425.31745289009814,14680781,3.344508715169854,2.8971037228203196
S11,S11 rainfall space-time,2018-02-12,541,402.4956827490802,14680781,3.6850900507268656,2.741650343732259
S11,S11 rainfall space-time,2018-02-19,712,388.19516076086694,14680781,4.849878218331845,2.6442405261740975
S11,S11 rainfall space-time,2018-02-26,838,566.2787975879045,17098585,4.9009903451075045,3.3118459661305573
S11,S11 rainfall space-time,2018-03-05,1063,557.3688167159506,17098585,6.216888707457372,3.259736502850678
S11,S11 rainfall space-time,2018-03-12,1131,590.5744632616295,17098585,6.614582434745331,3.4539376402294666
S11,S11 rainfall space-time,2018-03-19,1075,820.605717952737,17098585,6.287069953449365,4.799260979506415
S11,S11 rainfall space-time,2018-03-26,1014,728.2351430193651,17098585,5.930315286323401,4.25903747602135
S11,S11 rainfall space-time,2018-04-02,1330,891.0476796193444,17098585,7.778421430779213,5.211236366163308
S11,S11 rainfall space-time,2018-04-09,1293,901.3587883619285,17098585,7.562029255637236,5.271540237756098
S11,S11 rainfall space-time,2018-04-16,1015,684.7113244718608,17098585,5.9361637234894,4.004491158021912
S11,S11 rainfall space-time,2018-04-23,830,916.72401813042,17098585,4.854202847779509,5.361402818598264
S11,S11 rainfall space-time,2018-04-30,1004,1339.2635634265005,17098585,5.8718309146634065,7.832598799412352
S11,S11 rainfall space-time,2018-05-07,835,1144.8707307668913,17098585,4.883445033609506,6.695704532081989
S11,S11 rainfall space-time,2018-05-14,765,1182.6675604346246,17098585,4.474054431989547,6.916756915467711
S11,S11 rainfall space-time,2018-05-21,537,608.599145319921,17098585,3.140610758141682,3.559353860684501
S11,S11 rainfall space-time,2018-05-28,434,593.0896734467394,17098585,2.5382217300437437,3.4686476889563633
S11,S11 rainfall space-time,2018-06-04,403,528.0193402115711,17098585,2.356920177897762,3.088087933659839
S11,S11 rainfall space-time,2018-06-11,410,400.1198025336422,17098585,2.3978592380597576,2.3400755239900977
S11,S11 rainfall space-time,2018-06-18,332,363.7432883611737,17098585,1.9416811391118036,2.1273297665343285
S11,S11 rainfall space-time,2018-06-25,347,282.18676709830964,17098585,2.029407696601795,1.6503515764509733
S11,S11 rainfall space-time,2018-07-02,441,352.64242502500895,17098585,2.579160790205739,2.0624070648244226
S11,S11 rainfall space-time,2018-07-09,337,326.14078278314173,17098585,1.9709233249418008,1.907413875377066
S11,S11 rainfall space-time,2018-07-16,299,264.7684859853671,16456078,1.8169578437827043,1.6089403926340595
S11,S11 rainfall space-time,2018-07-23,285,338.81016294839753,17098585,1.6668045923098316,1.9815099492057238
S11,S11 rainfall space-time,2018-07-30,194,312.62194697732656,17098585,1.1345968102038853,1.8283498136092933
S11,S11 rainfall space-time,2018-08-06,236,248.0599948508357,17098585,1.3802311711758604,1.4507632932832495
S11,S11 rainfall space-time,2018-08-13,168,223.56081653348915,17098585,0.9825374438879007,1.307481388275633
S11,S11 rainfall space-time,2018-08-20,171,199.7001922352662,17098585,1.0000827553858989,1.1679340263259574
S11,S11 rainfall space-time,2018-08-27,158,155.23982715418538,17098585,0.9240530722279067,0.907910374771862
S11,S11 rainfall space-time,2018-09-03,105,157.46132145086796,16678613,0.6295487520455089,0.9440912229983869
S11,S11 rainfall space-time,2018-09-10,127,147.88311803478396,17098585,0.7427515200819249,0.864885123738508
S11,S11 rainfall space-time,2018-09-17,132,149.00302858384885,17098585,0.7719937059119221,0.8714348502162538
S11,S11 rainfall space-time,2018-09-24,118,147.77519307157561,17098585,0.6901155855879302,0.8642539313725413
S11,S11 rainfall space-time,2018-10-01,160,141.2959788977562,17098585,0.9357499465599055,0.8263606543919055
S11,S11 rainfall space-time,2018-10-08,127,135.15019968231897,17098585,0.7427515200819249,0.7904174508143158
S11,S11 rainfall space-time,2018-10-15,163,161.88195286785722,17098585,0.9532952580579036,0.9467564296569406
S11,S11 rainfall space-time,2018-10-22,147,130.23299693576257,17098585,0.8597202634019132,0.7616594995186009
S11,S11 rainfall space-time,2018-10-29,178,169.39895876740218,17098585,1.0410218155478947,0.9907191663368763
S11,S11 rainfall space-time,2018-11-05,183,168.48394099753764,17098585,1.070264001377892,0.9853677424040507
S11,S11 rainfall space-time,2018-11-12,170,187.71636699821005,17098585,0.9942343182198995,1.0978473774187165
S11,S11 rainfall space-time,2018-11-19,240,253.51960233860163,17098585,1.403624919839858,1.4826934646264682
S11,S11 rainfall space-time,2018-11-26,261,249.7526481659957,17098585,1.5264421003258457,1.4606626698407832
S11,S11 rainfall space-time,2018-12-03,318,265.2148847589923,17098585,1.859803018787812,1.5510925890007408
S11,S11 rainfall space-time,2018-12-10,339,267.86145977542424,17098585,1.9826201992737995,1.5665709166894468
S11,S11 rainfall space-time,2018-12-17,311,243.60642273363143,17098585,1.8188639586258162,1.4247168565915334
S11,S11 rainfall space-time,2018-12-24,332,343.2027381622566,17098585,1.9416811391118036,2.007199649340905
S11,S11 rainfall space-time,2018-12-31,448,537.0833855893349,16456078,2.722398374630942,3.2637386963609116
S11,S11 rainfall space-time,2019-01-07,521,641.5997093557338,17098585,3.0470357634856917,3.752355585890492
S11,S11 rainfall space-time,2019-01-14,549,595.4537297870565,17098585,3.2107920041336753,3.48247372391959
S11,S11 rainfall space-time,2019-01-21,599,810.6670504253325,17098585,3.5032138624336455,4.741135306958632
S11,S11 rainfall space-time,2019-01-28,584,807.9090907404911,17098585,3.415487304943655,4.725005553035477
S11,S11 rainfall space-time,2019-02-04,582,903.5550824273656,17098585,3.403790430611656,5.284385125595864
S11,S11 rainfall space-time,2019-02-11,549,815.9267212439175,17098585,3.2107920041336753,4.771896161254967
S11,S11 rainfall space-time,2019-02-18,561,838.8439403139582,17098585,3.280973250125668,4.905926077005543
S11,S11 rainfall space-time,2019-02-25,627,877.4554882596489,17098585,3.6669701030816295,5.131743289047889
S11,S11 rainfall space-time,2019-03-04,695,971.129301278188,16036106,4.333969855275339,6.0558922551284455
S11,S11 rainfall space-time,2019-03-11,871,951.754621865487,16036106,5.431493156755137,5.9350731522071944
S11,S11 rainfall space-time,2019-03-18,1577,1149.3421191758923,17098585,9.222985410781067,6.721855166236811
S11,S11 rainfall space-time,2019-03-25,1853,1485.760663222923,17098585,10.837154068596904,8.689377882572874
S11,S11 rainfall space-time,2019-04-01,2496,2122.162044370324,17098585,14.597699166334525,12.41133137256869
S11,S11 rainfall space-time,2019-04-08,2475,2169.27783925115,17098585,14.474881985848537,12.686885138455317
S11,S11 rainfall space-time,2019-04-15,2838,3214.517537304329,17098585,16.597864677106323,18.799903835927527
S11,S11 rainfall space-time,2019-04-22,3120,3405.097474882488,17098585,18.247123957918156,19.914498625953478
S11,S11 rainfall space-time,2019-04-29,3504,4202.333769400282,17098585,20.492923829661926,24.577085000894996
S11,S11 rainfall space-time,2019-05-06,3837,4186.358232024905,17098585,22.44045340593973,24.483653074362035
S11,S11 rainfall space-time,2019-05-13,3394,4048.999957384386,17098585,19.84959574140199,23.680321835896866
S11,S11 rainfall space-time,2019-05-20,3067,3306.046979274066,17098585,17.937156788120188,19.335208026126523
S11,S11 rainfall space-time,2019-05-27,2459,2728.2304936727273,17098585,14.381306991192547,15.955884616608492
S11,S11 rainfall space-time,2019-06-03,1809,2449.240854548991,17098585,10.57982283329293,14.324231242228471
S11,S11 rainfall space-time,2019-06-10,1522,1604.0504150494507,17098585,8.9013213666511,9.381188063511985
S11,S11 rainfall space-time,2019-06-17,1273,1718.6472278302667,17098585,7.445060512317247,10.051400322484385
S11,S11 rainfall space-time,2019-06-24,1066,1646.7571898114827,17098585,6.23443401895537,9.630955952270218
S11,S11 rainfall space-time,2019-07-01,1046,1532.1655986118192,17098585,6.117465275635382,8.960774231387097
S11,S11 rainfall space-time,2019-07-08,612,1224.5674351222854,17098585,3.579243545591638,7.161805699841744
S11,S11 rainfall space-time,2019-07-15,515,1081.0136839296256,17098585,3.0119451404896957,6.32224060604796
S11,S11 rainfall space-time,2019-07-22,362,744.5299792626779,17098585,2.117134254091786,4.354336801920614
S11,S11 rainfall space-time,2019-07-29,344,558.0851940239794,17098585,2.0118623851037967,3.2639261905238324
S11,S11 rainfall space-time,2019-08-05,311,398.1589168686074,17098585,1.8188639586258162,2.328607407388432
S11,S11 rainfall space-time,2019-08-12,303,351.6918709684941,17098585,1.7720764612978208,2.0568478091520093
S11,S11 rainfall space-time,2019-08-19,206,261.27391635865416,17098585,1.204778056195878,1.5280440829381738
S11,S11 rainfall space-time,2019-08-26,192,251.87647216135312,17098585,1.1228999358718865,1.473083721029273
S11,S11 rainfall space-time,2019-09-02,229,251.53958330386183,17098585,1.3392921110138647,1.47111344771431
S11,S11 rainfall space-time,2019-09-09,184,255.4047063829434,17098585,1.0761124385438912,1.4937183771811726
S11,S11 rainfall space-time,2019-09-16,179,171.18653469742455,17098585,1.0468702527138942,1.0011736918430651
S11,S11 rainfall space-time,2019-09-23,189,164.12851258398052,17098585,1.1053546243738883,0.9598952929963533
S11,S11 rainfall space-time,2019-09-30,171,197.760306525727,17098585,1.0000827553858989,1.1565887266444972
S11,S11 rainfall space-time,2019-10-07,173,162.79331375977688,17098585,1.0117796297178978,0.952086466568882
S11,S11 rainfall space-time,2019-10-14,183,209.75430056964018,17098585,1.070264001377892,1.2267348471796944
S11,S11 rainfall space-time,2019-10-21,174,205.17177326771065,17098585,1.0176280668838973,1.199934224192883
S11,S11 rainfall space-time,2019-10-28,182,194.0238026997909,17098585,1.0644155642118924,1.1347360187979936
S11,S11 rainfall space-time,2019-11-04,186,204.78098762690354,17098585,1.08780931287589,1.1976487389272477
S11,S11 rainfall space-time,2019-11-11,196,180.28162441832617,17098585,1.1462936845358842,1.0543657525948853
S11,S11 rainfall space-time,2019-11-18,158,178.79504172544588,17098585,0.9240530722279067,1.0456715671235126
S11,S11 rainfall space-time,2019-11-25,202,207.660128890386,17098585,1.1813843075318806,1.214487215698761
S11,S11 rainfall space-time,2019-12-02,197,226.4943045205269,17098585,1.1521421217018835,1.3246377084450374
S11,S11 rainfall space-time,2019-12-09,260,282.0287091471647,17098585,1.5205936631598465,1.6494271844551154
S11,S11 rainfall space-time,2019-12-16,248,205.55001878994065,17098585,1.4504124171678534,1.2021463693629657
S11,S11 rainfall space-time,2019-12-23,193,326.68659790560247,17098585,1.1287483730378858,1.91060604082503
S11,S11 rainfall space-time,2019-12-30,249,214.04795215847295,17098585,1.4562608543338527,1.2518459987096766
S11,S11 rainfall space-time,2020-01-06,396,325.324330029661,17098585,2.315981117735766,1.9026389027493267
S11,S11 rainfall space-time,2020-01-13,448,308.2764025380777,17098585,2.620099850367735,1.8029351700042882
S11,S11 rainfall space-time,2020-01-20,415,330.22615206220377,17098585,2.4271014238897544,1.9313069009055648
S11,S11 rainfall space-time,2020-01-27,423,374.32215387891904,17098585,2.4738889212177497,2.18919959680242
S11,S11 rainfall space-time,2020-02-03,395,493.717365720728,17098585,2.3101326805697666,2.8874749911804285
S11,S11 rainfall space-time,2020-02-10,450,493.36125980157544,17098585,2.631796724699734,2.8853923280878235
S11,S11 rainfall space-time,2020-02-17,458,392.94225655599007,17098585,2.6785842220277294,2.298098097333727
S11,S11 rainfall space-time,2020-02-24,396,410.86953491494614,17098585,2.315981117735766,2.4029446583734626
S11,S11 rainfall space-time,2020-03-02,416,362.7867577444856,17098585,2.432949861055754,2.121735557325273
S11,S11 rainfall space-time,2020-03-09,397,412.125870672013,17098585,2.321829554901765,2.410292259108066
S11,S11 rainfall space-time,2020-03-16,242,309.99526888469046,17098585,1.415321794171857,1.8129878518292037
S11,S11 rainfall space-time,2020-03-23,189,314.6623754679116,17098585,1.1053546243738883,1.8402831314281947
S11,S11 rainfall space-time,2020-03-30,198,250.39479819935832,17098585,1.157990558867883,1.464418243962049
S11,S11 rainfall space-time,2020-04-06,184,247.3867057839604,17098585,1.0761124385438912,1.4468256044810748
S11,S11 rainfall space-time,2020-04-13,197,213.53093882967042,17098585,1.1521421217018835,1.2488222787421908
S11,S11 rainfall space-time,2020-04-20,163,185.74024323854024,17098585,0.9532952580579036,1.0862901417780493
S11,S11 rainfall space-time,2020-04-27,157,209.67757002619064,17098585,0.9182046350619072,1.226286093417617
S11,S11 rainfall space-time,2020-05-04,134,162.74483181845093,17098585,0.7836905802439207,0.9518029229813515
S11,S11 rainfall space-time,2020-05-11,127,192.93460409062524,17098585,0.7427515200819249,1.1283659091709943
S11,S11 rainfall space-time,2020-05-18,151,148.20248931160464,17098585,0.8831140120659107,0.8667529465836187
S11,S11 rainfall space-time,2020-05-25,98,107.5802269527098,17098585,0.5731468422679421,0.6291761976368793
S11,S11 rainfall space-time,2020-06-01,76,96.60556891404629,17098585,0.4444812246159551,0.5649915996794255
S11,S11 rainfall space-time,2020-06-08,88,86.84033938477323,17098585,0.5146624706079479,0.50788026836591
S11,S11 rainfall space-time,2020-06-15,97,109.19650114658018,17098585,0.5672984051019426,0.6386288757027566
S11,S11 rainfall space-time,2020-06-22,90,69.57554709675628,17098585,0.5263593449399467,0.4069082154854117
S11,S11 rainfall space-time,2020-06-29,82,71.8543714235975,17098585,0.4795718476119515,0.4202357763732934
S11,S11 rainfall space-time,2020-07-06,82,73.93378101786462,17098585,0.4795718476119515,0.43239707272774097
S11,S11 rainfall space-time,2020-07-13,82,79.72620140833581,17098585,0.4795718476119515,0.46627367942046555
S11,S11 rainfall space-time,2020-07-20,89,78.5358813555973,17098585,0.5205109077739474,0.45931216738459524
S11,S11 rainfall space-time,2020-07-27,64,48.12470373675529,17098585,0.3742999786239622,0.2814543059367503
S11,S11 rainfall space-time,2020-08-03,42,53.20928761495207,17098585,0.24563436097197516,0.3111911752636377
S11,S11 rainfall space-time,2020-08-10,38,57.37584923380046,17098585,0.22224061230797754,0.3355590490897373
S11,S11 rainfall space-time,2020-08-17,48,57.23119087386491,17098585,0.28072498396797163,0.3347130237611177
S11,S11 rainfall space-time,2020-08-24,38,47.058255215464456,17098585,0.22224061230797754,0.27521724876920783
S11,S11 rainfall space-time,2020-08-31,74,49.87121065259685,17098585,0.43278435028395623,0.2916686418940331
S11,S11 rainfall space-time,2020-09-07,59,49.582083723095494,17098585,0.3450577927939651,0.28997770121384603
S11,S11 rainfall space-time,2020-09-14,59,50.61562227619082,17098585,0.3450577927939651,0.29602228650026197
S11,S11 rainfall space-time,2020-09-21,56,44.57065392254564,17098585,0.3275124812959669,0.26066866891351326
S11,S11 rainfall space-time,2020-09-28,54,59.973530746496955,17098585,0.3158156069639681,0.35075142619402105
S11,S11 rainfall space-time,2020-10-05,48,46.03064054213951,17098585,0.28072498396797163,0.2692073089214079
S11,S11 rainfall space-time,2020-10-12,57,58.68084450410616,17098585,0.3333609184619663,0.34319123193004664
S11,S11 rainfall space-time,2020-10-19,72,51.147058062242756,17098585,0.42108747595195745,0.29913035530275023
S11,S11 rainfall space-time,2020-10-26,51,50.58622517743712,17098585,0.2982702954659699,0.2958503594153383
S11,S11 rainfall space-time,2020-11-02,51,51.021595944956296,17098585,0.2982702954659699,0.2983965979930871
S11,S11 rainfall space-time,2020-11-09,72,49.99691839871822,17098585,0.42108747595195745,0.2924038357485033
S11,S11 rainfall space-time,2020-11-16,70,65.85824128928682,17098585,0.4093906016199586,0.3851677860436219
S11,S11 rainfall space-time,2020-11-23,55,54.195182451955226,17098585,0.32166404412996746,0.3169571192701339
S11,S11 rainfall space-time,2020-11-30,73,61.424485262912214,17098585,0.42693591311795687,0.35923724251399874
S11,S11 rainfall space-time,2020-12-07,56,77.68628867056798,17098585,0.3275124812959669,0.4543433779495085
S11,S11 rainfall space-time,2020-12-14,39,70.00684173968178,17098585,0.22808904947397696,0.4094306151045936
S11,S11 rainfall space-time,2020-12-21,32,90.81160181136967,17098585,0.1871499893119811,0.5311059471375537
S11,S11 rainfall space-time,2021-01-04,55,63.18494130173049,17098585,0.32166404412996746,0.3695331590405317
S11,S11 rainfall space-time,2021-01-11,55,70.26643196216567,17098585,0.32166404412996746,0.4109488122096985
S11,S11 rainfall space-time,2021-01-18,67,60.93107153918346,17098585,0.39184529012196034,0.3563515433539294
S11,S11 rainfall space-time,2021-02-01,57,67.94672330714651,17098585,0.3333609184619663,0.3973821418973939
S11,S11 rainfall space-time,2021-02-08,66,68.9911830170418,17098585,0.38599685295596103,0.40349059888313454
S11,S11 rainfall space-time,2021-02-15,62,76.2105447031189,17098585,0.36260310429196335,0.44571258208278
S11,S11 rainfall space-time,2021-03-29,253,155.27007403779123,17098585,1.4796546029978503,0.9080872717700981
S11,S11 rainfall space-time,2021-04-05,320,201.42288800292732,17098585,1.871499893119811,1.1780091042792564
S11,S11 rainfall space-time,2021-04-12,237,171.91047683981822,17098585,1.3860796083418598,1.0054076219746735
S11,S11 rainfall space-time,2021-04-19,228,194.84014973606818,17098585,1.3334436738478652,1.139510373145311
S11,S11 rainfall space-time,2021-04-26,229,212.66915151125846,17098585,1.3392921110138647,1.2437821697600033
S11,S11 rainfall space-time,2021-05-03,176,212.20858068606321,17098585,1.0293249412158958,1.2410885502283564
S11,S11 rainfall space-time,2021-05-10,172,172.89201429528765,17098585,1.0059311925518983,1.0111480821090613
S11,S11 rainfall space-time,2021-05-17,197,161.8137190747556,17098585,1.1521421217018835,0.9463573686053881
S11,S11 rainfall space-time,2021-05-24,150,138.6277720975567,17098585,0.8772655748999113,0.8107558145750464
S11,S11 rainfall space-time,2021-05-31,181,127.4946029901724,17098585,1.058567127045893,0.7456441745920637
S11,S11 rainfall space-time,2021-06-07,165,126.73803888674584,17098585,0.9649921323899024,0.7412194569711227
S11,S11 rainfall space-time,2021-06-14,137,136.2387256172696,17098585,0.801235891741919,0.7967836263484354
S11,S11 rainfall space-time,2021-06-21,124,83.32282618495768,17098585,0.7252062085839267,0.4873083134362152
S11,S11 rainfall space-time,2021-06-28,91,68.43306776777831,17098585,0.5322077821059462,0.40022649691643086
S11,S11 rainfall space-time,2021-07-05,92,85.20529898947498,17098585,0.5380562192719456,0.49831783735013735
S11,S11 rainfall space-time,2021-07-12,105,67.5375975575241,17098585,0.6140859024299379,0.39498939565773483
S11,S11 rainfall space-time,2021-07-19,88,63.23618382947995,17098585,0.5146624706079479,0.36983284774430136
S11,S11 rainfall space-time,2021-07-26,70,70.66078871044422,17098585,0.4093906016199586,0.4132551828729934
S11,S11 rainfall space-time,2021-08-02,65,54.9169453333253,17098585,0.3801484157899616,0.32117830413057746
S11,S11 rainfall space-time,2021-08-09,67,62.75080744273563,17098585,0.39184529012196034,0.3669941544445674
S11,S11 rainfall space-time,2021-08-16,75,69.24120345305687,17098585,0.43863278744995565,0.4049528276933844
S11,S11 rainfall space-time,2021-08-23,87,64.63063501601526,17098585,0.5088140334419486,0.37798820788980647
S11,S11 rainfall space-time,2021-08-30,60,56.27221616168104,17098585,0.3509062299599645,0.32910452041312793
S11,S11 rainfall space-time,2021-09-06,66,60.57958104409515,17098585,0.38599685295596103,0.35429587327895934
S11,S11 rainfall space-time,2021-09-13,71,67.38075258985772,17098585,0.415239038785958,0.39407209771953483
S11,S11 rainfall space-time,2021-09-20,46,66.71969097406344,17098585,0.2690281096359728,0.39020592039670793
S11,S11 rainfall space-time,2021-09-27,59,57.52606417865873,17098585,0.3450577927939651,0.336437571756135
S11,S11 rainfall space-time,2021-10-04,37,51.8946333623266,17098585,0.21639217514197812,0.3035025024721438
S11,S11 rainfall space-time,2021-10-11,42,48.20186295370542,17098585,0.24563436097197516,0.2819055667688608
S11,S11 rainfall space-time,2021-10-18,39,42.48822472227448,17098585,0.22808904947397696,0.24848971258308497
S11,S11 rainfall space-time,2021-10-25,24,40.70124544630264,17098585,0.14036249198398582,0.23803867657062056
S11,S11 rainfall space-time,2021-11-01,35,34.504334191261805,17098585,0.2046953008099793,0.2017964304722397
S11,S11 rainfall space-time,2021-11-08,22,37.50029261172663,17098585,0.12866561765198697,0.21931810504627502
S11,S11 rainfall space-time,2021-11-15,48,41.52298855584989,17098585,0.28072498396797163,0.24284458951340063
S11,S11 rainfall space-time,2021-11-22,75,45.52857881237599,17098585,0.43863278744995565,0.26627103244143296
S11,S11 rainfall space-time,2021-11-29,67,45.80937354397068,17098585,0.39184529012196034,0.26791324278570816
S11,S11 rainfall space-time,2021-12-06,70,42.4224408781591,17098585,0.4093906016199586,0.2481049799042383
S11,S11 rainfall space-time,2021-12-13,37,59.4685558829273,17093039,0.21646238565301348,0.3479109588583241
S11,S11 rainfall space-time,2021-12-20,48,60.94762432324406,17093039,0.2808160678741797,0.3565640043484606
S11,S11 rainfall space-time,2021-12-27,27,67.46869617847956,17093039,0.15795903817922607,0.3947144576132984
S11,S11 rainfall space-time,2022-01-03,64,142.54343557614632,17098585,0.3742999786239622,0.8336563263927764
S11,S11 rainfall space-time,2022-01-10,78,117.03265856643434,17098585,0.4561780989479539,0.6844581499956536
S11,S11 rainfall space-time,2022-01-17,68,127.59510714703637,17098585,0.39769372728795976,0.7462319668384043
S11,S11 rainfall space-time,2022-01-24,85,104.42307315079218,17098585,0.49711715910994975,0.6107117820029679
S11,S11 rainfall space-time,2022-01-31,98,119.65340650261618,17098585,0.5731468422679421,0.6997854296283358
S11,S11 rainfall space-time,2022-02-07,130,142.6505921413672,17098585,0.7602968315799232,0.8342830248313953
S11,S11 rainfall space-time,2022-02-14,145,128.10854701049166,17098585,0.8480233890699144,0.7492347876183418
S11,S11 rainfall space-time,2022-02-21,157,128.73495106315087,17098585,0.9182046350619072,0.7528982723608466
S11,S11 rainfall space-time,2022-02-28,233,190.948112575008,17098585,1.3626858596778622,1.116748038361116
S11,S11 rainfall space-time,2022-03-07,364,254.89707470598054,17098585,2.128831128423785,1.4907495252149843
S11,S11 rainfall space-time,2022-03-14,399,305.1648145078193,17098585,2.333526429233764,1.7847372429228459
S11,S11 rainfall space-time,2022-03-21,491,350.63816885635265,17098585,2.8715826485057097,2.0506852985574695
S11,S11 rainfall space-time,2022-03-28,517,487.0173143505398,17098585,3.0236420148216943,2.8482901617329137
S11,S11 rainfall space-time,2022-04-04,634,643.9920573675975,17098585,3.707909163243625,3.7663470829170804
S11,S11 rainfall space-time,2022-04-11,610,672.9670534009213,17098585,3.567546671259639,3.935805526603057
S11,S11 rainfall space-time,2022-04-18,755,910.0416371728533,17098585,4.415570060329554,5.322321333448664
S11,S11 rainfall space-time,2022-04-25,979,770.3554971527727,17098585,5.725619985513421,4.505375720580227
S11,S11 rainfall space-time,2022-05-02,1178,1307.5306502482586,17098585,6.889458981547304,7.64701085059529
S11,S11 rainfall space-time,2022-05-09,1473,1511.7938648828904,17098585,8.614747945517129,8.841631426710984
S11,S11 rainfall space-time,2022-05-16,1240,1087.7929836637202,17098585,7.252062085839267,6.3618889145722886
S11,S11 rainfall space-time,2022-05-23,1138,1388.788119129759,17098585,6.655521494907327,8.122240051616897
S11,S11 rainfall space-time,2022-05-30,1072,1247.1028113496404,17098585,6.2695246419513655,7.293602431719586
S11,S11 rainfall space-time,2022-06-06,906,1092.924766751367,17098585,5.2986840723954645,6.3919018255099305
S11,S11 rainfall space-time,2022-06-13,616,736.48706007159,17098585,3.602637294255636,4.307298294400326
S11,S11 rainfall space-time,2022-06-20,598,782.3940534774803,17098585,3.4973654252676463,4.575782460814625
S11,S11 rainfall space-time,2022-06-27,519,625.5934164010183,17098585,3.035338889153693,3.6587437872842594
S11,S11 rainfall space-time,2022-07-04,453,717.5833000873635,17098585,2.6493420361977322,4.196740841931444
S11,S11 rainfall space-time,2022-07-11,445,475.3779853996295,17098585,2.602554538869737,2.7802182777091176
S11,S11 rainfall space-time,2022-07-18,436,453.5357324077249,17098585,2.5499186043757422,2.6524752335221007
S11,S11 rainfall space-time,2022-07-25,392,416.48559846146134,17098585,2.2925873690717684,2.4357898531455167
S11,S11 rainfall space-time,2022-08-01,351,322.88710855007247,17098585,2.052801445265793,1.8883849660663294
S11,S11 rainfall space-time,2022-08-08,286,330.8692301361867,17098585,1.672653029475831,1.9350679026140856
S11,S11 rainfall space-time,2022-08-15,284,344.3090828640485,17098585,1.660956155143832,2.0136700368132714
S11,S11 rainfall space-time,2022-08-22,249,299.82289700216336,17098585,1.4562608543338527,1.7534953740450647
S11,S11 rainfall space-time,2022-08-29,227,243.07692541062946,17098585,1.3275952366818657,1.4216201247683913
S11,S11 rainfall space-time,2022-09-05,230,218.61873403234458,17098585,1.3451405481798642,1.2785779292985038
S11,S11 rainfall space-time,2022-09-12,282,253.6251062483841,17098585,1.6492592808118334,1.4833104976135985
S11,S11 rainfall space-time,2022-09-19,263,239.68815994719367,17098585,1.5381389746578447,1.4018011428851784
S11,S11 rainfall space-time,2022-09-26,234,263.27881954394854,17098585,1.3685342968438616,1.53976963324128
S11,S11 rainfall space-time,2022-10-03,277,306.0906264628636,17098585,1.6200170949818362,1.7901517959694537
S11,S11 rainfall space-time,2022-10-10,320,337.426943243867,17098585,1.871499893119811,1.973420275677005
S11,S11 rainfall space-time,2022-10-17,361,369.8433571084592,17098585,2.1112858169257867,2.1630056353111047
S11,S11 rainfall space-time,2022-10-24,340,327.3681377256485,17098585,1.988468636439799,1.914591983638696
S11,S11 rainfall space-time,2022-10-31,355,325.6007053270935,17098585,2.07619519392979,1.9042552663105954
S11,S11 rainfall space-time,2022-11-07,390,374.67281103106626,17195818,2.2679932993010277,2.178860063714714
S11,S11 rainfall space-time,2022-11-14,350,353.125474796172,17098585,2.046953008099793,2.06523215105912
S11,S11 rainfall space-time,2022-11-21,291,372.1514447277852,17098585,1.701895215305828,2.176504340726354
S11,S11 rainfall space-time,2022-11-28,286,387.91471224629174,17098585,1.672653029475831,2.268694820339179
S11,S11 rainfall space-time,2022-12-05,295,356.7561270404803,17098585,1.7252889639698257,2.0864657925815515
S11,S11 rainfall space-time,2022-12-12,323,408.40445470800245,17098585,1.8890452046178092,2.3885277916740035
S11,S11 rainfall space-time,2022-12-19,321,272.95236167773,17098585,1.8773483302858103,1.5963447365833487
S11,S11 rainfall space-time,2022-12-26,398,384.0685714871016,17098585,2.327677992067765,2.246200907777466
S11,S11 rainfall space-time,2023-01-02,637,526.6122122945218,17098585,3.7254544747416234,3.079858434452452
S11,S11 rainfall space-time,2023-01-09,703,681.3505113393619,17195818,4.088203306175956,3.9623035748538507
S11,S11 rainfall space-time,2023-01-16,809,781.352299204732,17098585,4.731385667293522,4.569689826408045
S11,S11 rainfall space-time,2023-01-23,1004,1147.544399151177,17098585,5.8718309146634065,6.7113413136302045
S11,S11 rainfall space-time,2023-01-30,1265,1364.327686147677,17098585,7.398273014989251,7.979184746268051
S11,S11 rainfall space-time,2023-02-06,1700,1734.180913861286,17098585,9.942343182198995,10.142248109193163
S11,S11 rainfall space-time,2023-02-13,1375,1643.5364028904623,17098585,8.041601103249187,9.612119382337559
S11,S11 rainfall space-time,2023-02-20,1693,1799.3769891277593,17098585,9.901404122036999,10.523543258858902
S11,S11 rainfall space-time,2023-02-27,2468,2645.658056166657,17098585,14.43394292568654,15.472964904210826
S11,S11 rainfall space-time,2023-03-06,2783,3338.2102753746585,17098585,16.276200632976355,19.523313042422274
S11,S11 rainfall space-time,2023-03-13,3323,3137.4341272075644,17098585,19.434356702616036,18.349086355435634
S11,S11 rainfall space-time,2023-03-20,3638,4560.99704108134,16385590,22.202435188479633,27.835415392923537
S11,S11 rainfall space-time,2023-03-27,3774,5754.070138592003,16385590,23.03243276561906,35.11664907148295
S11,S11 rainfall space-time,2023-04-03,3570,5074.300339734516,16385590,21.78743639990992,30.968066085716263
S11,S11 rainfall space-time,2023-04-10,4162,5607.267367804123,16385590,25.400367029810948,34.22072301213519
S11,S11 rainfall space-time,2023-04-17,3459,5576.661589972919,16385590,21.11001190680348,34.03393829561779
S11,S11 rainfall space-time,2023-04-24,3484,6170.606161192327,16385590,21.262584990836462,37.658736494641495
S11,S11 rainfall space-time,2023-05-01,4077,5960.725671456004,17098585,23.844078325779588,34.86092955327008
S11,S11 rainfall space-time,2023-05-08,3785,6011.679165427886,17098585,22.13633467330776,35.158927861152755
S11,S11 rainfall space-time,2023-05-15,3444,5953.452442713744,17098585,20.142017599701965,34.818392531977025
S11,S11 rainfall space-time,2023-05-22,2987,3601.7590755549318,17098585,17.469281814840233,21.064661640451135
S11,S11 rainfall space-time,2023-05-29,2666,3882.56670010022,17098585,15.591933484554424,22.706947388337806
S11,S11 rainfall space-time,2023-06-05,2528,3439.8676800951703,17098585,14.784849155646507,20.11784998638876
S11,S11 rainfall space-time,2023-06-12,2661,3089.870664046708,17098585,15.562691298724426,18.07091442974204
S11,S11 rainfall space-time,2023-06-19,2377,2711.851442747237,17098585,13.901735143580595,15.860092766432059
S11,S11 rainfall space-time,2023-06-26,1873,2025.6453520189525,16385590,11.430775455751059,12.362358340584333
S11,S11 rainfall space-time,2023-07-03,1575,2411.4569814903625,16385590,9.612104294077906,14.71693714715407
S11,S11 rainfall space-time,2023-07-10,1386,2415.8964317554614,16385590,8.458651778788557,14.744030771888356
S11,S11 rainfall space-time,2023-07-17,1230,2185.431306169504,17098585,7.1935777141792725,12.781357674740358
S11,S11 rainfall space-time,2023-07-24,1069,1563.340353642813,17098585,6.251979330453368,9.143097827351287
S11,S11 rainfall space-time,2023-07-31,1138,1192.2534552279842,17098585,6.655521494907327,6.972819418846555
S11,S11 rainfall space-time,2023-08-07,1026,1150.7332383903033,17098585,6.000496532315394,6.729991039552708
S11,S11 rainfall space-time,2023-08-14,1030,1137.6911183400705,17098585,6.0238902809793915,6.653715019927501
S11,S11 rainfall space-time,2023-08-21,994,1099.012426901444,17098585,5.813346543003412,6.427505123385614
S11,S11 rainfall space-time,2023-08-28,874,1164.0030943550114,17195818,5.082631137407945,6.769105688109815
S11,S11 rainfall space-time,2023-09-04,872,1090.5842324049356,17195818,5.071000402539734,6.342148029276278
S11,S11 rainfall space-time,2023-09-11,1123,1310.9845390673054,17098585,6.567794937417337,7.6672107023318326
S11,S11 rainfall space-time,2023-09-18,1126,1216.383800080886,17098585,6.585340248915334,7.113944224512648
S11,S11 rainfall space-time,2023-09-25,968,1149.4772012436945,17098585,5.661287176687428,6.722645185222604
S11,S11 rainfall space-time,2023-10-02,1060,1262.7167136820747,17195818,6.164289480151512,7.343161655247076
S11,S11 rainfall space-time,2023-10-09,923,1357.5439178225577,17195818,5.367584141679099,7.894616690072887
S11,S11 rainfall space-time,2023-10-16,1156,1819.172043167752,17195818,6.722564753825611,10.579153856872363
S11,S11 rainfall space-time,2023-10-23,1132,1574.6848460873794,17195818,6.5829959354070855,9.157370972915505
S11,S11 rainfall space-time,2023-10-30,1152,1713.6698536495694,17195818,6.69930328408919,9.965619859721528
S11,S11 rainfall space-time,2023-11-06,1476,1762.4148538384125,17195818,8.583482332739274,10.249089946395179
S11,S11 rainfall space-time,2023-11-13,1296,2004.4075321079938,17195818,7.536716194600339,11.656366286895999
S11,S11 rainfall space-time,2023-11-20,1874,2484.798087251646,17195818,10.897998571513144,14.450013876930111
S11,S11 rainfall space-time,2023-11-27,2084,2346.201166267414,17195818,12.119225732675236,13.644021856171157
S11,S11 rainfall space-time,2023-12-04,2299,3552.9711411768876,17195818,13.369529731007852,20.66183266871566
S11,S11 rainfall space-time,2023-12-11,2627,2923.2083421720818,17195818,15.276970249394358,16.99953059617217
S11,S11 rainfall space-time,2023-12-18,1948,2511.0920426926414,17195818,11.328335761636927,14.602922889115488
S11,S11 rainfall space-time,2023-12-25,2487,2657.1989441496576,17195818,14.46281880861963,15.452588205746638
S6,S6 rainfall-region,2017-03-27,506,704.2330122134642,17195818,2.9425759216572307,4.095373725247989
S6,S6 rainfall-region,2017-04-03,486,648.2778070554959,17195818,2.826268572975127,3.7699736474036647
S6,S6 rainfall-region,2017-04-10,367,551.4566820903752,16553311,2.2170791088260224,3.331398063447097
S6,S6 rainfall-region,2017-04-17,420,535.6918390407742,16553311,2.5372567457954482,3.236161267318509
S6,S6 rainfall-region,2017-04-24,414,445.8328851219842,16553311,2.5010102208555134,2.693315464936194
S6,S6 rainfall-region,2017-05-01,399,511.0147146554329,16553311,2.410393908505676,3.0870845999053174
S6,S6 rainfall-region,2017-05-08,335,417.87074589579646,16553311,2.0237643091463697,2.524393735463536
S6,S6 rainfall-region,2017-05-15,357,380.21998223620335,16553311,2.156668233926131,2.2969421781310295
S6,S6 rainfall-region,2017-05-22,258,292.96212117486004,16553311,1.558600572417204,1.7698098052701363
S6,S6 rainfall-region,2017-05-29,333,244.29456203067483,16553311,2.0116821341663913,1.4758048225558913
S6,S6 rainfall-region,2017-06-05,371,184.38118914048283,16553311,2.2412434587859793,1.1138628951058964
S6,S6 rainfall-region,2017-06-12,220,165.2988500544665,16553311,1.3290392477976158,0.998584815173632
S6,S6 rainfall-region,2017-06-19,250,130.30696326865686,16553311,1.5102718724972908,0.7871957656607603
S6,S6 rainfall-region,2017-06-26,191,133.54805194955162,16553311,1.1538477105879301,0.8067754659448592
S6,S6 rainfall-region,2017-07-03,212,187.50567802881142,16553311,1.2807105478777026,1.1327382058417885
S6,S6 rainfall-region,2017-07-10,189,111.49113142944165,16553311,1.141765535607952,0.6735276793231375
S6,S6 rainfall-region,2017-07-17,161,111.17694577905053,16553311,0.9726150858882552,0.6716296563210257
S6,S6 rainfall-region,2017-07-24,147,90.0415449344784,16553311,0.8880398610284069,0.5439488506829745
S6,S6 rainfall-region,2017-07-31,177,81.3525370625895,16553311,1.0692724857280818,0.4914577939276892
S6,S6 rainfall-region,2017-08-07,107,78.50235507055855,16553311,0.6463963614288404,0.4742395951514386
S6,S6 rainfall-region,2017-08-14,127,76.10434853861817,16456078,0.7717513249511823,0.46246954188366246
S6,S6 rainfall-region,2017-08-21,125,76.23809754865373,16456078,0.7595977607787227,0.4632823054718975
S6,S6 rainfall-region,2017-08-28,115,80.64081629248048,16182090,0.7106622197750724,0.4983337522685913
S6,S6 rainfall-region,2017-09-04,109,70.12185167272305,17061502,0.6388652065920105,0.41099459867439014
S6,S6 rainfall-region,2017-09-11,121,77.85026164799483,16984702,0.712405787278458,0.45835518131548514
S6,S6 rainfall-region,2017-09-18,153,80.07240785414793,17098585,0.8948108863979095,0.46829844606526166
S6,S6 rainfall-region,2017-09-25,123,84.09722092370323,17098585,0.7193577714179273,0.4918373124074491
S6,S6 rainfall-region,2017-10-02,162,85.31066399350242,17098585,0.9474468208919041,0.49893405795568707
S6,S6 rainfall-region,2017-10-09,152,83.52582122240693,17195818,0.8839358499839902,0.48573334064367824
S6,S6 rainfall-region,2017-10-16,166,114.90518343636435,17098585,0.9708405695559018,0.6720157453752129
S6,S6 rainfall-region,2017-10-23,143,95.36235536435089,17098585,0.8363265147379155,0.5577207433501128
S6,S6 rainfall-region,2017-10-30,147,117.34748592411287,17098585,0.8597202634019132,0.6862993980151741
S6,S6 rainfall-region,2017-11-06,194,122.00884324503303,17098585,1.1345968102038853,0.7135610534148471
S6,S6 rainfall-region,2017-11-13,200,120.43974584192605,17098585,1.1696874331998819,0.7043842858454431
S6,S6 rainfall-region,2017-11-20,183,141.11513882904728,17195818,1.0642122404412515,0.8206363828056756
S6,S6 rainfall-region,2017-11-27,203,137.01974714938206,17195818,1.1805195891233553,0.796820175401845
S6,S6 rainfall-region,2018-02-05,491,559.4816093902057,14680781,3.344508715169854,3.81097987491405
S6,S6 rainfall-region,2018-02-12,541,567.1848679996093,14680781,3.6850900507268656,3.863451597020685
S6,S6 rainfall-region,2018-02-19,712,533.1981109893952,14680781,4.849878218331845,3.6319464951448786
S6,S6 rainfall-region,2018-02-26,838,713.9567761797181,17098585,4.9009903451075045,4.1755313447265845
S6,S6 rainfall-region,2018-03-05,1063,663.197994597475,17098585,6.216888707457372,3.878671800020148
S6,S6 rainfall-region,2018-03-12,1131,787.3607575339369,17098585,6.614582434745331,4.604829917410925
S6,S6 rainfall-region,2018-03-19,1075,1090.9132205112055,17098585,6.287069953449365,6.380137423717843
S6,S6 rainfall-region,2018-03-26,1014,1075.9376461801317,17098585,5.930315286323401,6.292553718217804
S6,S6 rainfall-region,2018-04-02,1330,1246.868811876621,17098585,7.778421430779213,7.2922339005047565
S6,S6 rainfall-region,2018-04-09,1293,1102.892618056901,17098585,7.562029255637236,6.45019817755037
S6,S6 rainfall-region,2018-04-16,1015,1108.0786840227236,17098585,5.9361637234894,6.480528558490212
S6,S6 rainfall-region,2018-04-23,830,923.9038260547804,17098585,4.854202847779509,5.403393474107831
S6,S6 rainfall-region,2018-04-30,1004,1392.7111731764767,17098585,5.8718309146634065,8.145183786707944
S6,S6 rainfall-region,2018-05-07,835,1365.2097722964998,17098585,4.883445033609506,7.984343571684438
S6,S6 rainfall-region,2018-05-14,765,966.8060739436391,17098585,4.474054431989547,5.654304575165952
S6,S6 rainfall-region,2018-05-21,537,700.7344328485021,17098585,3.140610758141682,4.098201300566696
S6,S6 rainfall-region,2018-05-28,434,693.6357425797235,17098585,2.5382217300437437,4.0566850565688535
S6,S6 rainfall-region,2018-06-04,403,562.2303102012003,17098585,2.356920177897762,3.288168642032076
S6,S6 rainfall-region,2018-06-11,410,445.03169435868256,17098585,2.3978592380597576,2.6027399013350085
S6,S6 rainfall-region,2018-06-18,332,346.00957776762624,17098585,1.9416811391118036,2.023615274407948
S6,S6 rainfall-region,2018-06-25,347,240.03892414775956,17098585,2.029407696601795,1.40385256527227
S6,S6 rainfall-region,2018-07-02,441,291.5840119490002,17098585,2.579160790205739,1.7053107724937484
S6,S6 rainfall-region,2018-07-09,337,261.1400397753178,17098585,1.9709233249418008,1.5272611141525325
S6,S6 rainfall-region,2018-07-16,299,205.6798386980894,16456078,1.8169578437827043,1.2498715592991805
S6,S6 rainfall-region,2018-07-23,285,245.31659780261077,17098585,1.6668045923098316,1.4347187080253176
S6,S6 rainfall-region,2018-07-30,194,236.62489824682274,17098585,1.1345968102038853,1.3838858493075463
S6,S6 rainfall-region,2018-08-06,236,197.5817133452166,17098585,1.3802311711758604,1.155544235650006
S6,S6 rainfall-region,2018-08-13,168,197.35247855864498,17098585,0.9825374438879007,1.1542035704044806
S6,S6 rainfall-region,2018-08-20,171,178.95117444464594,17098585,1.0000827553858989,1.0465846995213108
S6,S6 rainfall-region,2018-08-27,158,126.36515594197087,17098585,0.9240530722279067,0.7390386744983335
S6,S6 rainfall-region,2018-09-03,105,160.84144877050832,16678613,0.6295487520455089,0.9643574604825252
S6,S6 rainfall-region,2018-09-10,127,137.67644053904468,17098585,0.7427515200819249,0.8051920117310566
S6,S6 rainfall-region,2018-09-17,132,133.14165071606095,17098585,0.7719937059119221,0.7786705783903226
S6,S6 rainfall-region,2018-09-24,118,128.89544489665303,17098585,0.6901155855879302,0.7538369104616144
S6,S6 rainfall-region,2018-10-01,160,109.24635546418317,17098585,0.9357499465599055,0.6389204455467115
S6,S6 rainfall-region,2018-10-08,127,116.59553143961696,17098585,0.7427515200819249,0.6819016394609084
S6,S6 rainfall-region,2018-10-15,163,147.63578415846803,17098585,0.9532952580579036,0.8634386071038512
S6,S6 rainfall-region,2018-10-22,147,124.48756015178503,17098585,0.8597202634019132,0.7280576734962866
S6,S6 rainfall-region,2018-10-29,178,152.32156153609972,17098585,1.0410218155478947,0.8908430816707915
S6,S6 rainfall-region,2018-11-05,183,138.86641709355567,17098585,1.070264001377892,0.8121515148391266
S6,S6 rainfall-region,2018-11-12,170,150.63304659588258,17098585,0.9942343182198995,0.8809679081390803
S6,S6 rainfall-region,2018-11-19,240,185.08207504629854,17098585,1.403624919839858,1.082440886461064
S6,S6 rainfall-region,2018-11-26,261,203.1929296841565,17098585,1.5264421003258457,1.1883610818331254
S6,S6 rainfall-region,2018-12-03,318,213.31165786725975,17098585,1.859803018787812,1.2475398278118321
S6,S6 rainfall-region,2018-12-10,339,217.5983266736215,17098585,1.9826201992737995,1.2726101409772883
S6,S6 rainfall-region,2018-12-17,311,202.84572015368568,17098585,1.8188639586258162,1.1863304487107307
S6,S6 rainfall-region,2018-12-24,332,287.2128523521884,17098585,1.9416811391118036,1.6797463202492393
S6,S6 rainfall-region,2018-12-31,448,455.28944693637015,16456078,2.722398374630942,2.7666947551923986
S6,S6 rainfall-region,2019-01-07,521,580.7064058052828,17098585,3.0470357634856917,3.39622492624555
S6,S6 rainfall-region,2019-01-14,549,573.4691578358699,17098585,3.2107920041336753,3.353898336241682
S6,S6 rainfall-region,2019-01-21,599,786.1215810926153,17098585,3.5032138624336455,4.597582671856269
S6,S6 rainfall-region,2019-01-28,584,823.3879772853459,17098585,3.415487304943655,4.815532848392694
S6,S6 rainfall-region,2019-02-04,582,964.3950964039847,17098585,3.403790430611656,5.6402041245166465
S6,S6 rainfall-region,2019-02-11,549,873.1579615550128,17098585,3.2107920041336753,5.1066094741466195
S6,S6 rainfall-region,2019-02-18,561,901.1619243124044,17098585,3.280973250125668,5.270388890732212
S6,S6 rainfall-region,2019-02-25,627,945.7575546234988,17098585,3.6669701030816295,5.531203632484786
S6,S6 rainfall-region,2019-03-04,695,1029.760921686035,16036106,4.333969855275339,6.421514809680325
S6,S6 rainfall-region,2019-03-11,871,1081.5663428144944,16036106,5.431493156755137,6.744569678040881
S6,S6 rainfall-region,2019-03-18,1577,1188.800214890524,17098585,9.222985410781067,6.952623359713825
S6,S6 rainfall-region,2019-03-25,1853,1242.27496736512,17098585,10.837154068596904,7.26536708952887
S6,S6 rainfall-region,2019-04-01,2496,1571.181031201336,17098585,14.597699166334525,9.188953537391171
S6,S6 rainfall-region,2019-04-08,2475,1879.1491997442336,17098585,14.474881985848537,10.990086020242222
S6,S6 rainfall-region,2019-04-15,2838,2667.3766799793602,17098585,16.597864677106323,15.5999849109114
S6,S6 rainfall-region,2019-04-22,3120,3042.900372131563,17098585,18.247123957918156,17.796211628807665
S6,S6 rainfall-region,2019-04-29,3504,4175.540482479705,17098585,20.492923829661926,24.42038614586941
S6,S6 rainfall-region,2019-05-06,3837,3901.049694706169,17098585,22.44045340593973,22.815044020930205
S6,S6 rainfall-region,2019-05-13,3394,3775.7696910588174,17098585,19.84959574140199,22.08235179144249
S6,S6 rainfall-region,2019-05-20,3067,3267.862706762104,17098585,17.937156788120188,19.111889707610917
S6,S6 rainfall-region,2019-05-27,2459,3144.1782999867078,17098585,14.381306991192547,18.3885292261711
S6,S6 rainfall-region,2019-06-03,1809,3094.7002660115354,17098585,10.57982283329293,18.09916005337012
S6,S6 rainfall-region,2019-06-10,1522,2428.1541839987635,17098585,8.9013213666511,14.200907174475336
S6,S6 rainfall-region,2019-06-17,1273,2316.896839095087,17098585,7.445060512317247,13.55022558355026
S6,S6 rainfall-region,2019-06-24,1066,1541.8087016572374,17098585,6.23443401895537,9.017171313633481
S6,S6 rainfall-region,2019-07-01,1046,1384.400417076268,17098585,6.117465275635382,8.096578851853929
S6,S6 rainfall-region,2019-07-08,612,1082.1193013926031,17098585,3.579243545591638,6.3287067403098165
S6,S6 rainfall-region,2019-07-15,515,873.5312975388587,17098585,3.0119451404896957,5.108792906189949
S6,S6 rainfall-region,2019-07-22,362,755.208995347989,17098585,2.117134254091786,4.416792356490253
S6,S6 rainfall-region,2019-07-29,344,607.0757566523367,17098585,2.0118623851037967,3.550444417782739
S6,S6 rainfall-region,2019-08-05,311,385.3810677700467,17098585,1.8188639586258162,2.2538769598188777
S6,S6 rainfall-region,2019-08-12,303,364.0517299470057,17098585,1.7720764612978208,2.129133667768448
S6,S6 rainfall-region,2019-08-19,206,290.08648967881214,17098585,1.204778056195878,1.6965526075918689
S6,S6 rainfall-region,2019-08-26,192,253.76312747641404,17098585,1.1228999358718865,1.4841177060933057
S6,S6 rainfall-region,2019-09-02,229,260.85466681012565,17098585,1.3392921110138647,1.5255921282967313
S6,S6 rainfall-region,2019-09-09,184,280.5341050483599,17098585,1.0761124385438912,1.6406860862952102
S6,S6 rainfall-region,2019-09-16,179,194.87182530986067,17098585,1.0468702527138942,1.1396956257483335
S6,S6 rainfall-region,2019-09-23,189,200.5289161374027,17098585,1.1053546243738883,1.1727807659955645
S6,S6 rainfall-region,2019-09-30,171,237.19886455225677,17098585,1.0000827553858989,1.3872426551802781
S6,S6 rainfall-region,2019-10-07,173,183.69467415820543,17098585,1.0117796297178978,1.074326759543
S6,S6 rainfall-region,2019-10-14,183,220.05380614116925,17098585,1.070264001377892,1.2869708583556432
S6,S6 rainfall-region,2019-10-21,174,225.55319324028042,17098585,1.0176280668838973,1.3191336782563026
S6,S6 rainfall-region,2019-10-28,182,197.6905703612863,17098585,1.0644155642118924,1.156180879068568
S6,S6 rainfall-region,2019-11-04,186,225.27697004236373,17098585,1.08780931287589,1.3175182042394955
S6,S6 rainfall-region,2019-11-11,196,213.1644306012672,17098585,1.1462936845358842,1.2466787783975528
S6,S6 rainfall-region,2019-11-18,158,269.41421052099986,17098585,0.9240530722279067,1.5756520818594044
S6,S6 rainfall-region,2019-11-25,202,248.0763621321366,17098585,1.1813843075318806,1.450859016299516
S6,S6 rainfall-region,2019-12-02,197,277.2868063882007,17098585,1.1521421217018835,1.6216944641220354
S6,S6 rainfall-region,2019-12-09,260,317.0420231820415,17098585,1.5205936631598465,1.8542003515614973
S6,S6 rainfall-region,2019-12-16,248,191.74192934691203,17098585,1.4504124171678534,1.121390625872913
S6,S6 rainfall-region,2019-12-23,193,289.996907079294,17098585,1.1287483730378858,1.6960286893874201
S6,S6 rainfall-region,2019-12-30,249,173.71464794081479,17098585,1.4562608543338527,1.0159592032955638
S6,S6 rainfall-region,2020-01-06,396,266.1031839965849,17098585,2.315981117735766,1.5562877512764064
S6,S6 rainfall-region,2020-01-13,448,270.17071591692576,17098585,2.620099850367735,1.5800764561332168
S6,S6 rainfall-region,2020-01-20,415,278.97377853677483,17098585,2.4271014238897544,1.631560614733762
S6,S6 rainfall-region,2020-01-27,423,288.53434011581857,17098585,2.4738889212177497,1.6874749584004674
S6,S6 rainfall-region,2020-02-03,395,405.64895891572166,17098585,2.3101326805697666,2.3724124476716737
S6,S6 rainfall-region,2020-02-10,450,398.40792403302805,17098585,2.631796724699734,2.3300637101434303
S6,S6 rainfall-region,2020-02-17,458,353.6008089015255,17098585,2.6785842220277294,2.0680121127071365
S6,S6 rainfall-region,2020-02-24,396,402.09801002866226,17098585,2.315981117735766,2.3516449462260316
S6,S6 rainfall-region,2020-03-02,416,374.86125569504986,17098585,2.432949861055754,2.192352499900137
S6,S6 rainfall-region,2020-03-09,397,498.691077662627,17098585,2.321829554901765,2.9165634329544052
S6,S6 rainfall-region,2020-03-16,242,554.0860902927577,17098585,1.415321794171857,3.240537683631468
S6,S6 rainfall-region,2020-03-23,189,449.4636672691569,17098585,1.1053546243738883,2.6286600164233294
S6,S6 rainfall-region,2020-03-30,198,501.29132440169894,17098585,1.157990558867883,2.931770812623962
S6,S6 rainfall-region,2020-04-06,184,386.2329841068893,17098585,1.0761124385438912,2.2588593389855904
S6,S6 rainfall-region,2020-04-13,197,261.76682854731,17098585,1.1521421217018835,1.5309268489018828
S6,S6 rainfall-region,2020-04-20,163,200.28959652460608,17098585,0.9532952580579036,1.1713811202775322
S6,S6 rainfall-region,2020-04-27,157,223.23357872828427,17098585,0.9182046350619072,1.3055675585335527
S6,S6 rainfall-region,2020-05-04,134,182.69389818014665,17098585,0.7836905802439207,1.0684737841180814
S6,S6 rainfall-region,2020-05-11,127,191.50265078804318,17098585,0.7427515200819249,1.1199912202561977
S6,S6 rainfall-region,2020-05-18,151,125.17938499007779,17098585,0.8831140120659107,0.7321037675929195
S6,S6 rainfall-region,2020-05-25,98,108.79963315807879,17098585,0.5731468422679421,0.6363078182088097
S6,S6 rainfall-region,2020-06-01,76,92.62113124117369,17098585,0.4444812246159551,0.5416888663077891
S6,S6 rainfall-region,2020-06-08,88,77.49915669188124,17098585,0.5146624706079479,0.45324894833041
S6,S6 rainfall-region,2020-06-15,97,95.83381410004515,17098585,0.5672984051019426,0.5604780401421822
S6,S6 rainfall-region,2020-06-22,90,57.48383231349455,17098585,0.5263593449399467,0.33619058134631935
S6,S6 rainfall-region,2020-06-29,82,58.975066252961135,17098585,0.4795718476119515,0.3449119693410954
S6,S6 rainfall-region,2020-07-06,82,60.72052560688813,17098585,0.4795718476119515,0.35512017869834334
S6,S6 rainfall-region,2020-07-13,82,64.15344216737964,17098585,0.4795718476119515,0.37519737549849674
S6,S6 rainfall-region,2020-07-20,89,61.608647166591304,17098585,0.5205109077739474,0.36031430183603674
S6,S6 rainfall-region,2020-07-27,64,43.58833383691376,17098585,0.3742999786239622,0.25492363161579606
S6,S6 rainfall-region,2020-08-03,42,48.76267175522053,17098585,0.24563436097197516,0.28518542180666134
S6,S6 rainfall-region,2020-08-10,38,56.217034693709735,17098585,0.22224061230797754,0.3287817950649702
S6,S6 rainfall-region,2020-08-17,48,59.48834835423746,17098585,0.28072498396797163,0.3479138674588421
S6,S6 rainfall-region,2020-08-24,38,45.346636451539915,17098585,0.22224061230797754,0.2652069539762496
S6,S6 rainfall-region,2020-08-31,74,41.8642025266626,17098585,0.43278435028395623,0.2448401579818599
S6,S6 rainfall-region,2020-09-07,59,43.982346135072696,17098585,0.3450577927939651,0.25722798778420963
S6,S6 rainfall-region,2020-09-14,59,46.842050056529715,17098585,0.3450577927939651,0.2739527864822131
S6,S6 rainfall-region,2020-09-21,56,44.83737887874224,17098585,0.3275124812959669,0.26222859306043306
S6,S6 rainfall-region,2020-09-28,54,65.81506155093251,17098585,0.3158156069639681,0.3849152520570124
S6,S6 rainfall-region,2020-10-05,48,51.98500243867028,17098585,0.28072498396797163,0.30403102033688917
S6,S6 rainfall-region,2020-10-12,57,68.78346340465994,17098585,0.3333609184619663,0.40227576378197344
S6,S6 rainfall-region,2020-10-19,72,61.359632384260344,17098585,0.42108747595195745,0.3588579545281691
S6,S6 rainfall-region,2020-10-26,51,59.676266389713255,17098585,0.2982702954659699,0.34901289428168036
S6,S6 rainfall-region,2020-11-02,51,64.42723646329765,17098585,0.2982702954659699,0.37679864423458226
S6,S6 rainfall-region,2020-11-09,72,58.70134126847774,17098585,0.42108747595195745,0.3433111059685801
S6,S6 rainfall-region,2020-11-16,70,92.07843643994089,17098585,0.4093906016199586,0.5385149498624645
S6,S6 rainfall-region,2020-11-23,55,71.29562046950669,17098585,0.32166404412996746,0.41696795652685115
S6,S6 rainfall-region,2020-11-30,73,78.34511273962742,17098585,0.42693591311795687,0.45819646912085077
S6,S6 rainfall-region,2020-12-07,56,103.92704615500024,17098585,0.3275124812959669,0.6078107992854394
S6,S6 rainfall-region,2020-12-14,39,67.79719156939971,17098585,0.22808904947397696,0.3965076149248591
S6,S6 rainfall-region,2020-12-21,32,78.85143077163727,17098585,0.1871499893119811,0.46115763831707285
S6,S6 rainfall-region,2021-01-04,55,72.68949967322727,17098585,0.32166404412996746,0.42511997146680425
S6,S6 rainfall-region,2021-01-11,55,76.64279267339288,17098585,0.32166404412996746,0.44824055717705813
S6,S6 rainfall-region,2021-01-18,67,69.03713340254171,17098585,0.39184529012196034,0.40375933682548415
S6,S6 rainfall-region,2021-02-01,57,90.48324977310172,17098585,0.3333609184619663,0.5291856008734156
S6,S6 rainfall-region,2021-02-08,66,96.84303365999726,17098585,0.38599685295596103,0.5663803973252597
S6,S6 rainfall-region,2021-02-15,62,98.08573404313807,17098585,0.36260310429196335,0.5736482524322222
S6,S6 rainfall-region,2021-03-29,253,147.56228870170773,17098585,1.4796546029978503,0.8630087735430021
S6,S6 rainfall-region,2021-04-05,320,195.04083804265022,17098585,1.871499893119811,1.140684086096307
S6,S6 rainfall-region,2021-04-12,237,224.95899549982084,17098585,1.3860796083418598,1.315658550107046
S6,S6 rainfall-region,2021-04-19,228,215.469891161078,17098585,1.3334436738478652,1.2601621196202961
S6,S6 rainfall-region,2021-04-26,229,212.705028614446,17098585,1.3392921110138647,1.2439919947436937
S6,S6 rainfall-region,2021-05-03,176,268.74384847965155,17098585,1.0293249412158958,1.5717315115821076
S6,S6 rainfall-region,2021-05-10,172,223.72387990301786,17098585,1.0059311925518983,1.3084350541463978
S6,S6 rainfall-region,2021-05-17,197,173.82506180572167,17098585,1.1521421217018835,1.0166049518467268
S6,S6 rainfall-region,2021-05-24,150,160.38232859322943,17098585,0.8772655748999113,0.9379859713141727
S6,S6 rainfall-region,2021-05-31,181,98.01024816355763,17098585,1.058567127045893,0.5732067780085758
S6,S6 rainfall-region,2021-06-07,165,94.76922175123411,17098585,0.9649921323899024,0.5542518386827572
S6,S6 rainfall-region,2021-06-14,137,102.78166696655897,17098585,0.801235891741919,0.6011121210705972
S6,S6 rainfall-region,2021-06-21,124,83.70481806552245,17098585,0.7252062085839267,0.4895423689476202
S6,S6 rainfall-region,2021-06-28,91,74.38799697297283,17098585,0.5322077821059462,0.4350535262009858
S6,S6 rainfall-region,2021-07-05,92,91.81011828957013,17098585,0.5380562192719456,0.5369457080195239
S6,S6 rainfall-region,2021-07-12,105,69.62944686456301,17098585,0.6140859024299379,0.40722344489069134
S6,S6 rainfall-region,2021-07-19,88,61.33035779346659,17098585,0.5146624706079479,0.3586867439233515
S6,S6 rainfall-region,2021-07-26,70,54.92461164787752,17098585,0.4093906016199586,0.3212231400895309
S6,S6 rainfall-region,2021-08-02,65,42.970640405542184,17098585,0.3801484157899616,0.25131109039456884
S6,S6 rainfall-region,2021-08-09,67,48.33739633730387,17098585,0.39184529012196034,0.28269822524673166
S6,S6 rainfall-region,2021-08-16,75,48.80658152740407,17098585,0.43863278744995565,0.28544222535025016
S6,S6 rainfall-region,2021-08-23,87,40.57489961043222,17098585,0.5088140334419486,0.2372997508883467
S6,S6 rainfall-region,2021-08-30,60,39.37221859050646,17098585,0.3509062299599645,0.23026594651257085
S6,S6 rainfall-region,2021-09-06,66,41.381725705390615,17098585,0.38599685295596103,0.24201842260859957
S6,S6 rainfall-region,2021-09-13,71,50.48331079085064,17098585,0.415239038785958,0.2952484710919099
S6,S6 rainfall-region,2021-09-20,46,55.4617767700374,17098585,0.2690281096359728,0.32436471655424937
S6,S6 rainfall-region,2021-09-27,59,47.774908086043745,17098585,0.3450577927939651,0.2794085480526239
S6,S6 rainfall-region,2021-10-04,37,51.9698234523539,17098585,0.21639217514197812,0.30394224698917427
S6,S6 rainfall-region,2021-10-11,42,48.43123357910769,17098585,0.24563436097197516,0.283247026459252
S6,S6 rainfall-region,2021-10-18,39,47.73008214675517,17098585,0.22808904947397696,0.27914638636328776
S6,S6 rainfall-region,2021-10-25,24,49.45713074478726,17098585,0.14036249198398582,0.28924692157150583
S6,S6 rainfall-region,2021-11-01,35,40.0198787813212,17098585,0.2046953008099793,0.23405374644347002
S6,S6 rainfall-region,2021-11-08,22,47.80313566486792,17098585,0.12866561765198697,0.2795736352737254
S6,S6 rainfall-region,2021-11-15,48,41.80493123961722,17098585,0.28072498396797163,0.24449351358382707
S6,S6 rainfall-region,2021-11-22,75,45.10215771610627,17098585,0.43863278744995565,0.2637771354536429
S6,S6 rainfall-region,2021-11-29,67,48.42149214847033,17098585,0.39184529012196034,0.2831900543142624
S6,S6 rainfall-region,2021-12-06,70,46.09555580784477,17098585,0.4093906016199586,0.2695869617739992
S6,S6 rainfall-region,2021-12-13,37,71.0045027565761,17093039,0.21646238565301348,0.4154001096971469
S6,S6 rainfall-region,2021-12-20,48,68.8222227589794,17093039,0.2808160678741797,0.4026330411986973
S6,S6 rainfall-region,2021-12-27,27,74.3936210960282,17093039,0.15795903817922607,0.435227586481422
S6,S6 rainfall-region,2022-01-03,64,138.96375080625623,17098585,0.3742999786239622,0.8127207649419893
S6,S6 rainfall-region,2022-01-10,78,118.91225771701518,17098585,0.4561780989479539,0.6954508675250916
S6,S6 rainfall-region,2022-01-17,68,130.7436921875571,17098585,0.39769372728795976,0.7646462686096954
S6,S6 rainfall-region,2022-01-24,85,152.64984968714052,17098585,0.49711715910994975,0.8927630542944958
S6,S6 rainfall-region,2022-01-31,98,185.50795600155752,17098585,0.5731468422679421,1.084931624468092
S6,S6 rainfall-region,2022-02-07,130,216.94594114248315,17098585,0.7602968315799232,1.2687947051904187
S6,S6 rainfall-region,2022-02-14,145,182.99970311786043,17098585,0.8480233890699144,1.070262265081353
S6,S6 rainfall-region,2022-02-21,157,176.82483462568558,17098585,0.9182046350619072,1.0341489346965587
S6,S6 rainfall-region,2022-02-28,233,232.49492389930427,17098585,1.3626858596778622,1.3597319538388952
S6,S6 rainfall-region,2022-03-07,364,276.77862018739086,17098585,2.128831128423785,1.618722369057971
S6,S6 rainfall-region,2022-03-14,399,349.41658323080844,17098585,2.333526429233764,2.043540931783586
S6,S6 rainfall-region,2022-03-21,491,352.54353867608864,17098585,2.8715826485057097,2.0618287342261867
S6,S6 rainfall-region,2022-03-28,517,495.247057263907,17098585,3.0236420148216943,2.896421296054071
S6,S6 rainfall-region,2022-04-04,634,646.678278097478,17098585,3.707909163243625,3.782057276069792
S6,S6 rainfall-region,2022-04-11,610,616.7981664206771,17098585,3.567546671259639,3.607305320414977
S6,S6 rainfall-region,2022-04-18,755,799.2678692146353,17098585,4.415570060329554,4.674467911904028
S6,S6 rainfall-region,2022-04-25,979,681.2214599817308,17098585,5.725619985513421,3.9840809048335335
S6,S6 rainfall-region,2022-05-02,1178,926.8091960220376,17098585,6.889458981547304,5.420385347805316
S6,S6 rainfall-region,2022-05-09,1473,924.6384247622842,17098585,8.614747945517129,5.407689728490891
S6,S6 rainfall-region,2022-05-16,1240,1020.6647824743887,17098585,7.252062085839267,5.969293847849918
S6,S6 rainfall-region,2022-05-23,1138,1152.4027347579076,17098585,6.655521494907327,6.739754984157505
S6,S6 rainfall-region,2022-05-30,1072,1158.8808325840662,17098585,6.2695246419513655,6.777641732248991
S6,S6 rainfall-region,2022-06-06,906,1229.4770095954534,17098585,5.2986840723954645,7.190519037659861
S6,S6 rainfall-region,2022-06-13,616,977.2801403339661,17098585,3.602637294255636,5.715561494322285
S6,S6 rainfall-region,2022-06-20,598,858.4502845864108,17098585,3.4973654252676463,5.020592549537935
S6,S6 rainfall-region,2022-06-27,519,650.3669553579504,17098585,3.035338889153693,3.803630273253315
S6,S6 rainfall-region,2022-07-04,453,712.7959400024631,17098585,2.6493420361977322,4.16874226728389
S6,S6 rainfall-region,2022-07-11,445,454.9665801396652,17098585,2.602554538869737,2.6608434565764663
S6,S6 rainfall-region,2022-07-18,436,433.2510181931875,17098585,2.5499186043757422,2.5338413570081237
S6,S6 rainfall-region,2022-07-25,392,390.35364263637445,17098585,2.2925873690717684,2.282958751477824
S6,S6 rainfall-region,2022-08-01,351,276.82712672149927,17098585,2.052801445265793,1.6190060564748443
S6,S6 rainfall-region,2022-08-08,286,293.06851967443873,17098585,1.672653029475831,1.7139928226484165
S6,S6 rainfall-region,2022-08-15,284,309.31156415031256,17098585,1.660956155143832,1.8089892476500982
S6,S6 rainfall-region,2022-08-22,249,292.3690273107211,17098585,1.4562608543338527,1.7099018855111174
S6,S6 rainfall-region,2022-08-29,227,242.36128384174611,17098585,1.3275952366818657,1.4174347400194
S6,S6 rainfall-region,2022-09-05,230,229.49626609015897,17098585,1.3451405481798642,1.3421944920597755
S6,S6 rainfall-region,2022-09-12,282,248.5449068899247,17098585,1.6492592808118334,1.4535992708748982
S6,S6 rainfall-region,2022-09-19,263,218.65804107035018,17098585,1.5381389746578447,1.2788078140404613
S6,S6 rainfall-region,2022-09-26,234,227.58038153201397,17098585,1.3685342968438616,1.3309895616041558
S6,S6 rainfall-region,2022-10-03,277,245.2984506853604,17098585,1.6200170949818362,1.4346125757503347
S6,S6 rainfall-region,2022-10-10,320,263.2998036402064,17098585,1.871499893119811,1.5398923574097294
S6,S6 rainfall-region,2022-10-17,361,287.3554739208621,17098585,2.1112858169257867,1.6805804335321437
S6,S6 rainfall-region,2022-10-24,340,250.4030665773964,17098585,1.988468636439799,1.4644666010514695
S6,S6 rainfall-region,2022-10-31,355,283.58555626745704,17098585,2.07619519392979,1.6585323070152125
S6,S6 rainfall-region,2022-11-07,390,365.97508068689535,17195818,2.2679932993010277,2.128279565920594
S6,S6 rainfall-region,2022-11-14,350,363.6184094516356,17098585,2.046953008099793,2.1265994200785365
S6,S6 rainfall-region,2022-11-21,291,441.84051693628794,17098585,1.701895215305828,2.5840765006945774
S6,S6 rainfall-region,2022-11-28,286,473.3326495074162,17098585,1.672653029475831,2.7682562592601445
S6,S6 rainfall-region,2022-12-05,295,482.26620379417653,17098585,1.7252889639698257,2.8205035901753073
S6,S6 rainfall-region,2022-12-12,323,497.5556424353282,17098585,1.8890452046178092,2.909922911371486
S6,S6 rainfall-region,2022-12-19,321,296.3227631840752,17098585,1.8773483302858103,1.7330250613373865
S6,S6 rainfall-region,2022-12-26,398,376.3314792562287,17098585,2.327677992067765,2.2009510100176635
S6,S6 rainfall-region,2023-01-02,637,628.9005838336676,17098585,3.7254544747416234,3.6780855482115484
S6,S6 rainfall-region,2023-01-09,703,811.9428899436585,17195818,4.088203306175956,4.721746240531614
S6,S6 rainfall-region,2023-01-16,809,866.6819261442216,17098585,4.731385667293522,5.06873478796182
S6,S6 rainfall-region,2023-01-23,1004,1296.8074482498887,17098585,5.8718309146634065,7.584296877489504
S6,S6 rainfall-region,2023-01-30,1265,1593.2558786755724,17098585,7.398273014989251,9.318056895793262
S6,S6 rainfall-region,2023-02-06,1700,1871.1265116117534,17098585,9.942343182198995,10.943165832797002
S6,S6 rainfall-region,2023-02-13,1375,1857.9634990028517,17098585,8.041601103249187,10.866182780638583
S6,S6 rainfall-region,2023-02-20,1693,2000.0492712772432,17098585,9.901404122036999,11.697162491967863
S6,S6 rainfall-region,2023-02-27,2468,3027.7645126249895,17098585,14.43394292568654,17.707690505530074
S6,S6 rainfall-region,2023-03-06,2783,4322.62759753219,17098585,16.276200632976355,25.28061589618199
S6,S6 rainfall-region,2023-03-13,3323,3444.7891658008143,17098585,19.434356702616036,20.14663298630158
S6,S6 rainfall-region,2023-03-20,3638,4706.107064286327,16385590,22.202435188479633,28.72101074350284
S6,S6 rainfall-region,2023-03-27,3774,6801.47591724042,16385590,23.03243276561906,41.50888626677721
S6,S6 rainfall-region,2023-04-03,3570,6717.529967656338,16385590,21.78743639990992,40.996570569972384
S6,S6 rainfall-region,2023-04-10,4162,6691.620516609126,16385590,25.400367029810948,40.83844717589739
S6,S6 rainfall-region,2023-04-17,3459,7653.553842025949,16385590,21.11001190680348,46.709052539615286
S6,S6 rainfall-region,2023-04-24,3484,7274.592490250772,16385590,21.262584990836462,44.39628045282942
S6,S6 rainfall-region,2023-05-01,4077,7944.02113633184,17098585,23.844078325779588,46.46010846120799
S6,S6 rainfall-region,2023-05-08,3785,9237.1090602371,17098585,22.13633467330776,54.02265193428053
S6,S6 rainfall-region,2023-05-15,3444,6862.138067633142,17098585,20.142017599701965,40.13278331296503
S6,S6 rainfall-region,2023-05-22,2987,5532.861025753519,17098585,17.469281814840233,32.358590057326495
S6,S6 rainfall-region,2023-05-29,2666,5206.558361649986,17098585,15.591933484554424,30.45022942921877
S6,S6 rainfall-region,2023-06-05,2528,4324.357396990074,17098585,14.784849155646507,25.290732519621212
S6,S6 rainfall-region,2023-06-12,2661,3768.175122592581,17098585,15.562691298724426,22.03793543496483
S6,S6 rainfall-region,2023-06-19,2377,3204.6155955742142,17098585,13.901735143580595,18.741992951897565
S6,S6 rainfall-region,2023-06-26,1873,2319.662907927989,16385590,11.430775455751059,14.156724951179598
S6,S6 rainfall-region,2023-07-03,1575,2749.3135402926164,16385590,9.612104294077906,16.778849832643296
S6,S6 rainfall-region,2023-07-10,1386,2661.1182710635285,16385590,8.458651778788557,16.240600863707247
S6,S6 rainfall-region,2023-07-17,1230,2306.6406273328407,17098585,7.1935777141792725,13.490242773497577
S6,S6 rainfall-region,2023-07-24,1069,1816.6291505147753,17098585,6.251979330453368,10.624441440708546
S6,S6 rainfall-region,2023-07-31,1138,1258.52959249195,17098585,6.655521494907327,7.360431243240011
S6,S6 rainfall-region,2023-08-07,1026,1192.1838471121564,17098585,6.000496532315394,6.972412320154892
S6,S6 rainfall-region,2023-08-14,1030,1145.415995629619,17098585,6.0238902809793915,6.698893479370479
S6,S6 rainfall-region,2023-08-21,994,1000.5811018754287,17098585,5.813346543003412,5.851835703804898
S6,S6 rainfall-region,2023-08-28,874,1063.3973532960017,17195818,5.082631137407945,6.184046337871229
S6,S6 rainfall-region,2023-09-04,872,1044.5044981451656,17195818,5.071000402539734,6.07417744328979
S6,S6 rainfall-region,2023-09-11,1123,1156.8738823939264,17098585,6.567794937417337,6.765904210166667
S6,S6 rainfall-region,2023-09-18,1126,1070.7207900184453,17098585,6.585340248915334,6.262043262752124
S6,S6 rainfall-region,2023-09-25,968,997.7662651235964,17098585,5.661287176687428,5.835373307929261
S6,S6 rainfall-region,2023-10-02,1060,1133.9608605168185,17195818,6.164289480151512,6.5943990597994135
S6,S6 rainfall-region,2023-10-09,923,1242.7696546637462,17195818,5.367584141679099,7.227162177825715
S6,S6 rainfall-region,2023-10-16,1156,1532.5042452868597,17195818,6.722564753825611,8.91207528066917
S6,S6 rainfall-region,2023-10-23,1132,1230.4633612488437,17195818,6.5829959354070855,7.155596559866147
S6,S6 rainfall-region,2023-10-30,1152,1388.609444430387,17195818,6.69930328408919,8.075274141831386
S6,S6 rainfall-region,2023-11-06,1476,1322.5265708558914,17195818,8.583482332739274,7.690977950894173
S6,S6 rainfall-region,2023-11-13,1296,1506.0777901930956,17195818,7.536716194600339,8.758395734318052
S6,S6 rainfall-region,2023-11-20,1874,1788.897969229979,17195818,10.897998571513144,10.403098993196945
S6,S6 rainfall-region,2023-11-27,2084,1884.2903778378516,17195818,12.119225732675236,10.957840899676023
S6,S6 rainfall-region,2023-12-04,2299,2520.944106970688,17195818,13.369529731007852,14.660216262876753
S6,S6 rainfall-region,2023-12-11,2627,2459.7921726218974,17195818,15.276970249394358,14.304595295332257
S6,S6 rainfall-region,2023-12-18,1948,2529.9614710986853,17195818,11.328335761636927,14.712655548568176
S6,S6 rainfall-region,2023-12-25,2487,3326.5565511577784,17195818,14.46281880861963,19.345148635312253
