model,model_label,municipio_norm,observed_cases,predicted_cases,population,observed_incidence_per_100k,predicted_incidence_per_100k
S11,S11 rainfall space-time,angra dos reis,6096,8385.096863011588,207044,2944.301694325844,4049.9105808483164
S11,S11 rainfall space-time,aperibe,498,440.2725764720603,11901,4184.522309049659,3699.458671305439
S11,S11 rainfall space-time,araruama,631,621.185834347692,134293,469.8681241762415,462.56009944501346
S11,S11 rainfall space-time,areal,39,44.165900593848306,12669,307.83802983660905,348.61394422486626
S11,S11 rainfall space-time,armacao dos buzios,981,876.404051453325,34477,2845.3751776546683,2541.996262590495
S11,S11 rainfall space-time,arraial do cabo,262,268.858360584897,30593,856.4050599810415,878.8231313859283
S11,S11 rainfall space-time,barra do pirai,1081,1324.6433385998844,100764,1072.8037791274662,1314.599796157243
S11,S11 rainfall space-time,barra mansa,1241,1397.8444447776483,184833,671.4169006616784,756.2742826105989
S11,S11 rainfall space-time,belford roxo,3064,3751.9955685145487,513118,597.1336027970175,731.2149580631645
S11,S11 rainfall space-time,bom jardim,50,50.1580188483684,41822,119.55430156377025,119.93213822478216
S11,S11 rainfall space-time,bom jesus do itabapoana,1564,1474.2606652031895,37203,4203.962046071553,3962.746727960621
S11,S11 rainfall space-time,cabo frio,1842,2384.27170546213,230378,799.5555131132313,1034.938972237857
S11,S11 rainfall space-time,cachoeiras de macacu,420,362.39619598287845,59303,708.2272397686459,611.0925180562172
S11,S11 rainfall space-time,cambuci,173,162.48088893106015,15514,1115.1218254479825,1047.3178350590445
S11,S11 rainfall space-time,campos dos goytacazes,11515,14035.166080104762,511168,2252.6840490797545,2745.7051458825204
S11,S11 rainfall space-time,cantagalo,83,80.8507783416968,4551,1823.774994506702,1776.5497328432605
S11,S11 rainfall space-time,carapebus,371,396.1911248405824,16586,2236.8262389967445,2388.708096229244
S11,S11 rainfall space-time,cardoso moreira,246,273.6374534765179,12821,1918.727088370642,2134.291034057546
S11,S11 rainfall space-time,carmo,301,232.66994460367724,19030,1581.713084603258,1222.648158716118
S11,S11 rainfall space-time,casimiro de abreu,1039,1012.4319546082025,45041,2306.787149486024,2247.800791741308
S11,S11 rainfall space-time,comendador levy gasparian,37,31.76247748196703,8576,431.4365671641791,370.36470944457824
S11,S11 rainfall space-time,conceicao de macabu,169,146.28425484647707,23398,722.2839558936661,625.1998241152111
S11,S11 rainfall space-time,cordeiro,214,214.81875118459868,22041,970.917834943968,974.6325084369978
S11,S11 rainfall space-time,duas barras,18,20.864257171359384,11528,156.1415683553088,180.98765762803072
S11,S11 rainfall space-time,duque de caxias,4795,6020.68381538254,924624,518.5891778712212,651.1494202381227
S11,S11 rainfall space-time,engenheiro paulo de frontin,185,199.86094869067713,14071,1314.7608556605785,1420.3748752091333
S11,S11 rainfall space-time,guapimirim,445,469.48822600039716,61388,724.8973740796247,764.7882745819984
S11,S11 rainfall space-time,iguaba grande,2137,2668.431641119862,28837,7410.618302874779,9253.499466379519
S11,S11 rainfall space-time,itaborai,6277,5943.823317060368,242543,2587.9947060933528,2450.626617573118
S11,S11 rainfall space-time,itaguai,1378,1300.4052404134695,134819,1022.1111267699657,964.5563610570243
S11,S11 rainfall space-time,italva,920,966.1779743880944,15299,6013.464932348519,6315.30148629384
S11,S11 rainfall space-time,itaocara,510,606.483770444372,23222,2196.193265007321,2611.6775921297562
S11,S11 rainfall space-time,itaperuna,5828,7432.514781004255,103800,5614.643545279383,7160.418864165948
S11,S11 rainfall space-time,itatiaia,914,737.5087444315085,32064,2850.5489021956087,2300.1145971541555
S11,S11 rainfall space-time,japeri,867,943.5137671582814,105548,821.4272179482322,893.9191336247787
S11,S11 rainfall space-time,laje do muriae,80,76.2685191762891,7326,1092.001092001092,1041.066327822674
S11,S11 rainfall space-time,macae,2373,2910.3565572707553,261501,907.4535087819932,1112.9428022343147
S11,S11 rainfall space-time,macuco,231,132.96553991784012,5623,4108.127334163258,2364.6725932391982
S11,S11 rainfall space-time,mage,1012,1261.6152857067354,246433,410.6592867026738,511.9506258117766
S11,S11 rainfall space-time,mangaratiba,936,955.3367771320803,45220,2069.880583812472,2112.6421431492267
S11,S11 rainfall space-time,marica,1888,1868.923248821585,164504,1147.6924573262656,1136.095930081691
S11,S11 rainfall space-time,mendes,141,114.7178589302819,18648,756.1132561132562,615.1751336887704
S11,S11 rainfall space-time,mesquita,359,397.2658731739217,5546,6473.133790119005,7163.106259897614
S11,S11 rainfall space-time,miguel pereira,220,211.69112284536723,25581,860.0132911144991,827.5326329907635
S11,S11 rainfall space-time,miracema,966,784.1849990623699,27154,3557.4869264196805,2887.9170621726817
S11,S11 rainfall space-time,natividade,1179,1085.5501451859966,9250,12745.945945945947,11735.677245254017
S11,S11 rainfall space-time,nilopolis,103,111.90352045588165,162693,63.309423269593644,68.78201302814604
S11,S11 rainfall space-time,niteroi,3554,3430.755795121613,515317,689.6725704760371,665.7563781364894
S11,S11 rainfall space-time,nova friburgo,3055,3912.6847134334926,191158,1598.1544063026397,2046.8328364146373
S11,S11 rainfall space-time,nova iguacu,4322,5602.315132389581,823302,524.9592494613155,680.4690298808433
S11,S11 rainfall space-time,paracambi,300,288.8989783083694,52683,569.4436535504813,548.3722990497303
S11,S11 rainfall space-time,paraiba do sul,224,293.7830739100821,44518,503.16725818769936,659.9197491129029
S11,S11 rainfall space-time,paraty,5059,7365.118921624931,43680,11581.959706959708,16861.53599273107
S11,S11 rainfall space-time,paty do alferes,363,366.80450648058826,27858,1303.0368296360111,1316.6936121781473
S11,S11 rainfall space-time,petropolis,1275,1269.9110252983912,306678,415.7455050574218,414.08611811032785
S11,S11 rainfall space-time,pinheiral,651,647.2297986366355,25364,2566.6298691058196,2551.765489026319
S11,S11 rainfall space-time,pirai,1212,1596.7641572941704,29545,4102.216957183957,5404.515678775328
S11,S11 rainfall space-time,porciuncula,1580,2139.188662353908,18960,8333.333333333332,11282.640624229472
S11,S11 rainfall space-time,porto real,248,246.61285314117734,19974,1241.6140983278262,1234.669335842482
S11,S11 rainfall space-time,quatis,291,272.75787957934455,14435,2015.9334949774855,1889.5592627595743
S11,S11 rainfall space-time,queimados,204,210.9865372153302,151335,134.80027752998316,139.41688123390506
S11,S11 rainfall space-time,quissama,881,876.0671395237852,25126,3506.3281063440263,3486.695612209604
S11,S11 rainfall space-time,resende,10219,14215.99602688504,132312,7723.411330793881,10744.298345490235
S11,S11 rainfall space-time,rio bonito,270,255.60237531345135,60573,445.74315288990147,421.97410614209525
S11,S11 rainfall space-time,rio claro,30,34.65380115799815,18605,161.2469766191884,186.2606888363244
S11,S11 rainfall space-time,rio das flores,60,63.695275603983006,9344,642.1232876712328,681.670329665914
S11,S11 rainfall space-time,rio das ostras,5243,6114.161154316062,155193,3378.374024601625,3939.7145195440917
S11,S11 rainfall space-time,rio de janeiro,87458,104466.60812658705,6747815,1296.093624380633,1548.154597104204
S11,S11 rainfall space-time,santa maria madalena,6,10.709684232438283,10392,57.736720554272516,103.05700762546462
S11,S11 rainfall space-time,santo antonio de padua,1038,1599.2478063530198,42594,2436.9629525285254,3754.6316531742023
S11,S11 rainfall space-time,sao fidelis,148,158.83819017602966,38710,382.33014724877296,410.32857188331093
S11,S11 rainfall space-time,sao francisco de itabapoana,1388,1113.3642602836683,42210,3288.3203032456768,2637.678891930036
S11,S11 rainfall space-time,sao goncalo,6570,6340.293274661432,1091737,601.793289043057,580.752807192706
S11,S11 rainfall space-time,sao joao da barra,111,120.20153844464124,36423,304.7524915575323,330.0154804509273
S11,S11 rainfall space-time,sao joao de meriti,2254,2335.6948145184206,472906,476.6274904526481,493.90255452847305
S11,S11 rainfall space-time,sao jose de uba,269,249.81307266951913,7206,3733.0002775464886,3466.7370617474207
S11,S11 rainfall space-time,sao jose do vale do rio preto,21,23.77112479551229,21916,95.82040518342762,108.46470521770529
S11,S11 rainfall space-time,sao pedro da aldeia,1288,1396.3079660422202,106049,1214.5329046007034,1316.6630199645638
S11,S11 rainfall space-time,sao sebastiao do alto,35,33.19368603946987,9387,372.85607755406414,353.61335932108096
S11,S11 rainfall space-time,sapucaia,384,482.6616778012107,6009,6390.414378432352,8032.312827445677
S11,S11 rainfall space-time,saquarema,2103,2715.6398057007946,90583,2321.627678482718,2997.9574596787415
S11,S11 rainfall space-time,seropedica,524,711.1167366828108,83092,630.6262937466904,855.8185344952714
S11,S11 rainfall space-time,silva jardim,23,25.24855211712041,21774,105.63056856801691,115.9573441587233
S11,S11 rainfall space-time,sumidouro,149,109.22747822953569,15667,951.0435948171315,697.181835894145
S11,S11 rainfall space-time,tangua,243,262.3579781609878,34610,702.1092169893095,758.0409655041542
S11,S11 rainfall space-time,teresopolis,121,137.3826819872368,184240,65.67520625271385,74.56723946332869
S11,S11 rainfall space-time,trajano de moraes,16,18.774971632304837,10640,150.37593984962407,176.45650030361688
S11,S11 rainfall space-time,tres rios,1825,1510.7034348504505,82142,2221.762314041538,1839.13641602402
S11,S11 rainfall space-time,valenca,35,37.08304348762446,97233,35.99600958522313,38.13833110942217
S11,S11 rainfall space-time,varre sai,712,847.5384753276219,11106,6410.949036556816,7631.356702031532
S11,S11 rainfall space-time,vassouras,1282,1519.021643428279,37083,3457.109726829005,4096.274960030955
S11,S11 rainfall space-time,volta redonda,5648,6636.454919150511,273988,2061.4041490868212,2422.1699195404585
S6,S6 rainfall-region,angra dos reis,6096,8866.158240953204,207044,2944.301694325844,4282.257993930374
S6,S6 rainfall-region,aperibe,498,384.94617272540074,11901,4184.522309049659,3234.5699750054678
S6,S6 rainfall-region,araruama,631,663.726555234065,134293,469.8681241762415,494.23764100441946
S6,S6 rainfall-region,areal,39,42.390325185251946,12669,307.83802983660905,334.5988253631064
S6,S6 rainfall-region,armacao dos buzios,981,880.2515014326871,34477,2845.3751776546683,2553.1557311618967
S6,S6 rainfall-region,arraial do cabo,262,258.1985951562529,30593,856.4050599810415,843.9793258466085
S6,S6 rainfall-region,barra do pirai,1081,1126.6949212540399,100764,1072.8037791274662,1118.1522381545392
S6,S6 rainfall-region,barra mansa,1241,1251.4680046983358,184833,671.4169006616784,677.0803940304685
S6,S6 rainfall-region,belford roxo,3064,4181.145537450553,513118,597.1336027970175,814.8506849205355
S6,S6 rainfall-region,bom jardim,50,47.414715180182355,41822,119.55430156377025,113.37266314423594
S6,S6 rainfall-region,bom jesus do itabapoana,1564,1600.3082270407706,37203,4203.962046071553,4301.556936378171
S6,S6 rainfall-region,cabo frio,1842,2389.069251375328,230378,799.5555131132313,1037.021439276028
S6,S6 rainfall-region,cachoeiras de macacu,420,352.7864691311145,59303,708.2272397686459,594.888064905847
S6,S6 rainfall-region,cambuci,173,145.95402799978385,15514,1115.1218254479825,940.7891452867335
S6,S6 rainfall-region,campos dos goytacazes,11515,15848.441440275214,511168,2252.6840490797545,3100.436928813074
S6,S6 rainfall-region,cantagalo,83,80.71962081071959,4551,1823.774994506702,1773.6677831403997
S6,S6 rainfall-region,carapebus,371,362.68372869252676,16586,2236.8262389967445,2186.6859320663616
S6,S6 rainfall-region,cardoso moreira,246,265.1501101092652,12821,1918.727088370642,2068.092271345957
S6,S6 rainfall-region,carmo,301,231.70834968545446,19030,1581.713084603258,1217.595111326613
S6,S6 rainfall-region,casimiro de abreu,1039,1066.9148188551342,45041,2306.787149486024,2368.76361283083
S6,S6 rainfall-region,comendador levy gasparian,37,34.38211448992364,8576,431.4365671641791,400.91084992914693
S6,S6 rainfall-region,conceicao de macabu,169,149.78490384952573,23398,722.2839558936661,640.1611413348394
S6,S6 rainfall-region,cordeiro,214,200.73017014191282,22041,970.917834943968,910.7126271127119
S6,S6 rainfall-region,duas barras,18,19.39472491817852,11528,156.1415683553088,168.24015369689903
S6,S6 rainfall-region,duque de caxias,4795,6833.844023454046,924624,518.5891778712212,739.0943803593727
S6,S6 rainfall-region,engenheiro paulo de frontin,185,191.91539023171325,14071,1314.7608556605785,1363.9072577053034
S6,S6 rainfall-region,guapimirim,445,437.7524455713676,61388,724.8973740796247,713.091232115996
S6,S6 rainfall-region,iguaba grande,2137,2961.942232421362,28837,7410.618302874779,10271.325839793883
S6,S6 rainfall-region,itaborai,6277,6015.730082920105,242543,2587.9947060933528,2480.2736351575204
S6,S6 rainfall-region,itaguai,1378,1272.302841250578,134819,1022.1111267699657,943.7118219617249
S6,S6 rainfall-region,italva,920,1045.7449387736663,15299,6013.464932348519,6835.380997278687
S6,S6 rainfall-region,itaocara,510,518.0207049542483,23222,2196.193265007321,2230.7325163820874
S6,S6 rainfall-region,itaperuna,5828,10492.521247470517,103800,5614.643545279383,10108.40197251495
S6,S6 rainfall-region,itatiaia,914,853.759127533914,32064,2850.5489021956087,2662.6719296841134
S6,S6 rainfall-region,japeri,867,791.5315857525812,105548,821.4272179482322,749.9257075004559
S6,S6 rainfall-region,laje do muriae,80,74.37087615986535,7326,1092.001092001092,1015.1634747456367
S6,S6 rainfall-region,macae,2373,2930.9951178504293,261501,907.4535087819932,1120.8351470359307
S6,S6 rainfall-region,macuco,231,126.48740449564156,5623,4108.127334163258,2249.4647785104316
S6,S6 rainfall-region,mage,1012,1252.1113658648098,246433,410.6592867026738,508.0940319944203
S6,S6 rainfall-region,mangaratiba,936,939.9335405996927,45220,2069.880583812472,2078.5792582921113
S6,S6 rainfall-region,marica,1888,1948.3917461031506,164504,1147.6924573262656,1184.4038723089716
S6,S6 rainfall-region,mendes,141,112.75819714293448,18648,756.1132561132562,604.666436845423
S6,S6 rainfall-region,mesquita,359,329.559950211169,5546,6473.133790119005,5942.2998595594845
S6,S6 rainfall-region,miguel pereira,220,198.51532376412874,25581,860.0132911144991,776.026440577494
S6,S6 rainfall-region,miracema,966,745.8697803871037,27154,3557.4869264196805,2746.8136568722975
S6,S6 rainfall-region,natividade,1179,1196.4535880728045,9250,12745.945945945947,12934.63338457086
S6,S6 rainfall-region,nilopolis,103,111.04624307633047,162693,63.309423269593644,68.25508354774358
S6,S6 rainfall-region,niteroi,3554,3697.182043942496,515317,689.6725704760371,717.4578063488098
S6,S6 rainfall-region,nova friburgo,3055,4464.0938191452215,191158,1598.1544063026397,2335.290084194866
S6,S6 rainfall-region,nova iguacu,4322,6092.820029661935,823302,524.9592494613155,740.0467908084682
S6,S6 rainfall-region,paracambi,300,292.796297453342,52683,569.4436535504813,555.7699778929483
S6,S6 rainfall-region,paraiba do sul,224,255.9714626871615,44518,503.16725818769936,574.9841922080092
S6,S6 rainfall-region,paraty,5059,6817.9588899199925,43680,11581.959706959708,15608.880242490824
S6,S6 rainfall-region,paty do alferes,363,332.40444606478457,27858,1303.0368296360111,1193.210015309012
S6,S6 rainfall-region,petropolis,1275,1345.0147290744426,306678,415.7455050574218,438.57555125390235
S6,S6 rainfall-region,pinheiral,651,625.140132382944,25364,2566.6298691058196,2464.67486351894
S6,S6 rainfall-region,pirai,1212,1839.8398635686547,29545,4102.216957183957,6227.246111249466
S6,S6 rainfall-region,porciuncula,1580,2391.977774074069,18960,8333.333333333332,12615.916529926524
S6,S6 rainfall-region,porto real,248,248.6656252816542,19974,1241.6140983278262,1244.946556932283
S6,S6 rainfall-region,quatis,291,284.82947709331444,14435,2015.9334949774855,1973.186540306993
S6,S6 rainfall-region,queimados,204,197.25644913496623,151335,134.80027752998316,130.34423572535516
S6,S6 rainfall-region,quissama,881,920.9226157393064,25126,3506.3281063440263,3665.2177654195107
S6,S6 rainfall-region,resende,10219,16292.811954845962,132312,7723.411330793881,12313.933698263167
S6,S6 rainfall-region,rio bonito,270,261.5016773914334,60573,445.74315288990147,431.71326728316814
S6,S6 rainfall-region,rio claro,30,34.13385215514234,18605,161.2469766191884,183.46601534610235
S6,S6 rainfall-region,rio das flores,60,58.350020039569365,9344,642.1232876712328,624.4651117248434
S6,S6 rainfall-region,rio das ostras,5243,6491.127149293778,155193,3378.374024601625,4182.615935830725
S6,S6 rainfall-region,rio de janeiro,87458,114193.38987694323,6747815,1296.093624380633,1692.3017284401428
S6,S6 rainfall-region,santa maria madalena,6,10.614557319861532,10392,57.736720554272516,102.14162163069219
S6,S6 rainfall-region,santo antonio de padua,1038,1474.0625321938371,42594,2436.9629525285254,3460.72811239573
S6,S6 rainfall-region,sao fidelis,148,146.22189368038966,38710,382.33014724877296,377.7367442014716
S6,S6 rainfall-region,sao francisco de itabapoana,1388,1067.5102120854515,42210,3288.3203032456768,2529.0457523938676
S6,S6 rainfall-region,sao goncalo,6570,6766.984939616884,1091737,601.793289043057,619.8365485109402
S6,S6 rainfall-region,sao joao da barra,111,118.913309811481,36423,304.7524915575323,326.47862562523954
S6,S6 rainfall-region,sao joao de meriti,2254,2223.5133162881157,472906,476.6274904526481,470.18082161954294
S6,S6 rainfall-region,sao jose de uba,269,262.35743583697894,7206,3733.0002775464886,3640.819259464043
S6,S6 rainfall-region,sao jose do vale do rio preto,21,22.970654688274397,21916,95.82040518342762,104.81225902662165
S6,S6 rainfall-region,sao pedro da aldeia,1288,1391.0011429925992,106049,1214.5329046007034,1311.6588963522515
S6,S6 rainfall-region,sao sebastiao do alto,35,34.54627168483721,9387,372.85607755406414,368.0224958435838
S6,S6 rainfall-region,sapucaia,384,403.4907783138995,6009,6390.414378432352,6714.774144015635
S6,S6 rainfall-region,saquarema,2103,3003.7371597903975,90583,2321.627678482718,3316.00538709294
S6,S6 rainfall-region,seropedica,524,628.9521088218357,83092,630.6262937466904,756.9346132261056
S6,S6 rainfall-region,silva jardim,23,24.914670044664373,21774,105.63056856801691,114.42394619575812
S6,S6 rainfall-region,sumidouro,149,110.55678617871209,15667,951.0435948171315,705.6665997237001
S6,S6 rainfall-region,tangua,243,231.05339725682705,34610,702.1092169893095,667.5914396325543
S6,S6 rainfall-region,teresopolis,121,129.39411968169583,184240,65.67520625271385,70.23128510730342
S6,S6 rainfall-region,trajano de moraes,16,18.792270623935742,10640,150.37593984962407,176.61908481142615
S6,S6 rainfall-region,tres rios,1825,1586.9462520716654,82142,2221.762314041538,1931.9547272670077
S6,S6 rainfall-region,valenca,35,37.09698874866794,97233,35.99600958522313,38.15267321657045
S6,S6 rainfall-region,varre sai,712,632.7096119688865,11106,6410.949036556816,5697.007131000239
S6,S6 rainfall-region,vassouras,1282,1556.9092373649944,37083,3457.109726829005,4198.444671048714
S6,S6 rainfall-region,volta redonda,5648,6709.805557468341,273988,2061.4041490868212,2448.9413979693786
