model,model_group,mae,rmse,wape,r2,split,evaluation_protocol,evaluation_signature,test_n,test_start,test_end,run_id,dic,waic,fit_n,fit_start,fit_end,fit_signature,criteria_group,waic_rank_within_fit_sample,dic_rank_within_fit_sample,wape_rank,rmse_rank,model_label,model_index,stage,wape_percent,delta_waic,delta_dic,waic_rank_recomputed,wape_rank_recomputed,rmse_rank_recomputed
R_M0,non_spatial,6.51003997002526,16.8721614039319,0.698890970937105,0.701952904177594,test,common_observations_2023_january_v1,9621dfb7dc9a4a451dbee246ecd8a2b6,324,2023-01-02,2023-01-23,20260929T093220_37466,109000.873995201,109095.938842536,33488,2017-01-02,2023-12-25,1fb0094776d2eb363df45090f10fcca0,fit_1,1,1,14,14,M0,0,Climate/socioeconomic,69.88909709371049,0.0,0.0,1,14,14
R_M1,non_spatial,6.59219331519842,17.8408151836309,0.707710614355298,0.666747941798422,test,common_observations_2023_january_v1,9621dfb7dc9a4a451dbee246ecd8a2b6,324,2023-01-02,2023-01-23,20260929T093220_37466,104129.095460575,104221.501851017,31588,2017-01-02,2023-12-25,deab970c7d36f47833d2c068389c53c2,fit_2,1,1,15,16,M1,1,Climate/socioeconomic,70.7710614355298,0.0,0.0,1,15,16
R_M2,non_spatial,6.72203595556251,20.0390156263168,0.721649983300945,0.579567558664608,test,common_observations_2023_january_v1,9621dfb7dc9a4a451dbee246ecd8a2b6,324,2023-01-02,2023-01-23,20260929T093220_37466,98268.5549627812,98365.3099433026,30393,2017-03-27,2023-12-25,97d010140473f439d267aedab8529103,fit_3,1,1,17,17,M2,2,Climate/socioeconomic,72.1649983300945,0.0,0.0,1,17,17
R_M3,non_spatial,6.59802637209275,17.7952771915222,0.70833682722268,0.668446996671892,test,common_observations_2023_january_v1,9621dfb7dc9a4a451dbee246ecd8a2b6,324,2023-01-02,2023-01-23,20260929T093220_37466,105301.676048794,105395.001552519,32111,2017-01-02,2023-12-25,fbce99723666f2b4c64b8e25ee3576b4,fit_4,1,1,16,15,M3,3,Climate/socioeconomic,70.833682722268,0.0,0.0,1,16,15
R_M4,non_spatial,4.55896857782953,12.4284457089672,0.489432014319671,0.838275025698342,test,common_observations_2023_january_v1,9621dfb7dc9a4a451dbee246ecd8a2b6,324,2023-01-02,2023-01-23,20260929T093220_37466,95277.2087946161,95469.4646791925,31143,2017-01-30,2023-12-25,fef1a707af450e85d9a638ae9261319e,fit_5,1,1,12,12,M4,4,Temporal,48.9432014319671,0.0,0.0,1,12,12
R_M5,non_spatial,4.30838622122557,11.5997521777936,0.462530528720041,0.859122747374554,test,common_observations_2023_january_v1,9621dfb7dc9a4a451dbee246ecd8a2b6,324,2023-01-02,2023-01-23,20260929T093220_37466,91356.4833347356,91525.4222666344,30302,2017-03-27,2023-12-25,75570f3877a2e800c2c9d870c399f1a3,fit_6,11,12,8,7,M5,5,Temporal,46.253052872004105,1371.1064168650046,1589.0722507347964,11,8,7
S1,spatial,4.32617128630607,11.668649289812,0.464439859762481,0.857444287289133,test,common_observations_2023_january_v1,9621dfb7dc9a4a451dbee246ecd8a2b6,324,2023-01-02,2023-01-23,20260929T093220_37466,91356.4467230557,91525.7073945575,30302,2017-03-27,2023-12-25,75570f3877a2e800c2c9d870c399f1a3,fit_6,12,11,9,10,S1,6,Spatial,46.4439859762481,1371.3915447881009,1589.0356390548986,12,9,10
S2,spatial,4.1430814203819,10.860061411765,0.444784088868038,0.876516760615764,test,common_observations_2023_january_v1,9621dfb7dc9a4a451dbee246ecd8a2b6,324,2023-01-02,2023-01-23,20260929T093220_37466,91142.0759132788,91303.9918079185,30302,2017-03-27,2023-12-25,75570f3877a2e800c2c9d870c399f1a3,fit_6,9,9,4,4,S2,7,Spatial,44.4784088868038,1149.675958149106,1374.6648292779864,9,4,4
S3,spatial,4.29668052819282,11.640419591842,0.461273853921297,0.858133216514691,test,common_observations_2023_january_v1,9621dfb7dc9a4a451dbee246ecd8a2b6,324,2023-01-02,2023-01-23,20260929T093220_37466,91189.472481412,91361.2184401641,30302,2017-03-27,2023-12-25,75570f3877a2e800c2c9d870c399f1a3,fit_6,10,10,7,9,S3,8,Spatial,46.127385392129696,1206.902590394704,1422.0613974111911,10,7,9
S4,spatial,4.15207422321616,10.9162297845055,0.445749518993384,0.875236143773686,test,common_observations_2023_january_v1,9621dfb7dc9a4a451dbee246ecd8a2b6,324,2023-01-02,2023-01-23,20260929T093220_37466,91141.9219356927,91303.2176925694,30302,2017-03-27,2023-12-25,75570f3877a2e800c2c9d870c399f1a3,fit_6,8,8,5,5,S4,9,Mobility,44.5749518993384,1148.9018427999981,1374.510851691899,8,5,5
S5,spatial,4.13749090887594,10.8600605597967,0.444183914670578,0.876516779990201,test,common_observations_2023_january_v1,9621dfb7dc9a4a451dbee246ecd8a2b6,324,2023-01-02,2023-01-23,20260929T093220_37466,91140.353156913,91302.8723297523,30302,2017-03-27,2023-12-25,75570f3877a2e800c2c9d870c399f1a3,fit_6,7,7,3,3,S5,10,Mobility,44.4183914670578,1148.5564799829008,1372.942072912192,7,3,3
S6,spatial,4.0751537128469,10.5736215322485,0.437491651080979,0.882944729062803,test,common_observations_2023_january_v1,9621dfb7dc9a4a451dbee246ecd8a2b6,324,2023-01-02,2023-01-23,20260929T093220_37466,91062.4008004175,91226.1856477551,30302,2017-03-27,2023-12-25,75570f3877a2e800c2c9d870c399f1a3,fit_6,5,5,1,1,S6,11,Climate heterogeneity,43.7491651080979,1071.8697979857097,1294.9897164166905,5,1,1
S7,spatial,4.19228849176781,11.2267024208267,0.450066756571495,0.868038308364792,test,common_observations_2023_january_v1,9621dfb7dc9a4a451dbee246ecd8a2b6,324,2023-01-02,2023-01-23,20260929T093220_37466,91110.9379371806,91276.7552628666,30302,2017-03-27,2023-12-25,75570f3877a2e800c2c9d870c399f1a3,fit_6,6,6,6,6,S7,12,Climate heterogeneity,45.0066756571495,1122.4394130972069,1343.526853179792,6,6,6
S8,spatial,4.10954742843703,10.7301256147883,0.441184018162225,0.879453927822943,test,common_observations_2023_january_v1,9621dfb7dc9a4a451dbee246ecd8a2b6,324,2023-01-02,2023-01-23,20260929T093220_37466,90483.1552888703,90669.2705800105,30302,2017-03-27,2023-12-25,75570f3877a2e800c2c9d870c399f1a3,fit_6,2,3,2,2,S8,13,Climate heterogeneity,44.1184018162225,514.9547302411083,715.7442048694938,2,2,2
S9,spatial,4.33077199954978,11.6375776586532,0.464933773311507,0.858202479774627,test,common_observations_2023_january_v1,9621dfb7dc9a4a451dbee246ecd8a2b6,324,2023-01-02,2023-01-23,20260929T093220_37466,90775.3522825547,90966.2629517475,30302,2017-03-27,2023-12-25,75570f3877a2e800c2c9d870c399f1a3,fit_6,4,4,10,8,S9,14,Climate heterogeneity,46.4933773311507,811.9471019781049,1007.94119855389,4,10,8
S10,spatial,4.7120268985306,12.9210883095947,0.505863722705074,0.82519991434043,test,common_observations_2023_january_v1,9621dfb7dc9a4a451dbee246ecd8a2b6,324,2023-01-02,2023-01-23,20260929T093220_37466,90356.142253384,90736.0194435781,30302,2017-03-27,2023-12-25,75570f3877a2e800c2c9d870c399f1a3,fit_6,3,2,13,13,S10,15,Climate heterogeneity,50.5863722705074,581.7035938087065,588.7311693831871,3,13,13
S11,spatial,4.47011126828194,11.8982230534265,0.4798926610084,0.851779708065241,test,common_observations_2023_january_v1,9621dfb7dc9a4a451dbee246ecd8a2b6,324,2023-01-02,2023-01-23,20260929T093220_37466,89767.4110840008,90154.3158497694,30302,2017-03-27,2023-12-25,75570f3877a2e800c2c9d870c399f1a3,fit_6,1,1,11,11,S11,16,Climate heterogeneity,47.98926610084,0.0,0.0,1,11,11
