ibge_code,municipio,regiao_intermediaria_nome,rainfall_relative_risk,rainfall_relative_risk_q025,rainfall_relative_risk_q975
3306156,varre-sai,Campos dos Goytacazes,2.908909443735721,1.9879455966973243,4.266578575197887
3305752,tangua,Rio de Janeiro,2.714131286770095,1.797282467482058,4.106935745139476
3302809,mendes,Volta Redonda - Barra Mansa,2.638056785722637,1.7339252968693757,4.021422321195221
3301405,conceicao de macabu,Macaé - Rio das Ostras - Cabo Frio,2.5321687804998585,1.6848861530289327,3.8133623905535465
3300902,cambuci,Campos dos Goytacazes,2.4487300374392573,1.6387885160806608,3.666723444947967
3304805,sao fidelis,Campos dos Goytacazes,2.402254906485606,1.6118892069225634,3.5878506750668953
3305000,sao joao da barra,Campos dos Goytacazes,2.2557797107612023,1.4108345810373815,3.6123586087007507
3300936,carapebus,Macaé - Rio das Ostras - Cabo Frio,2.2441392569718417,1.5017227415177394,3.3606915496597685
3302452,macuco,Petrópolis,2.230468909686446,1.505868356740386,3.3110541967941036
3301603,duas barras,Petrópolis,2.206234285115616,1.3869655031398467,3.5150063156079576
3304144,queimados,Rio de Janeiro,2.1294839544338275,1.4337324599788406,3.169772980169016
3303005,miracema,Campos dos Goytacazes,2.0535525617774786,1.4398631174695036,2.936770642862007
3302106,itaocara,Campos dos Goytacazes,2.0365830144862813,1.4178990423625513,2.932864675748815
3302908,miguel pereira,Volta Redonda - Barra Mansa,2.0252065796866363,1.4040957058442392,2.928524851125577
3304755,sao francisco de itabapoana,Campos dos Goytacazes,1.9533681181081626,1.3090181299883201,2.9211101997245597
3304508,rio das flores,Volta Redonda - Barra Mansa,1.941103122311527,1.2898618822633896,2.927126381522335
3305703,sumidouro,Petrópolis,1.8695884080903935,1.3004937766627807,2.6947052718324374
3300159,aperibe,Campos dos Goytacazes,1.8302437553345063,1.2700021014962453,2.644390658865864
3301801,engenheiro paulo de frontin,Volta Redonda - Barra Mansa,1.809513156642191,1.2499070935537848,2.626215234478146
3303708,paraiba do sul,Petrópolis,1.7898947794938165,1.2378587902399196,2.594631665864021
3303856,paty do alferes,Volta Redonda - Barra Mansa,1.7869184330557983,1.2565979481351621,2.548079122788201
3304607,santa maria madalena,Petrópolis,1.7644310545479098,1.0327689451725095,3.0180362468435664
3302270,japeri,Rio de Janeiro,1.7318284087504232,1.2091380952127044,2.487053579678039
3302304,laje do muriae,Campos dos Goytacazes,1.6969190611589213,1.1474122044002,2.5151931947166006
3301504,cordeiro,Petrópolis,1.6895159394062156,1.1832872599046693,2.418835937020038
3303955,pinheiral,Volta Redonda - Barra Mansa,1.6815634021865344,1.188803154347584,2.3853618231617992
3305554,seropedica,Rio de Janeiro,1.6809804588287156,1.1729213491602857,2.41548194223487
3304706,santo antonio de padua,Campos dos Goytacazes,1.6368475967167673,1.1604799600734164,2.3154618773378943
3300506,bom jardim,Petrópolis,1.6344672170013264,1.0929888062121662,2.4493584851598795
3305604,silva jardim,Rio de Janeiro,1.6005582491092987,1.008708370671292,2.5437431143716136
3306107,valenca,Volta Redonda - Barra Mansa,1.5962294221501108,1.0237230906862282,2.4932144156140823
3300308,barra do pirai,Volta Redonda - Barra Mansa,1.591893722279248,1.1377421419653668,2.234118271093671
3305406,sapucaia,Petrópolis,1.591674361030568,1.1274313794910908,2.2535662243924115
3300407,barra mansa,Volta Redonda - Barra Mansa,1.5892844117618206,1.1374754243025433,2.2273815314475125
3305208,sao pedro da aldeia,Macaé - Rio das Ostras - Cabo Frio,1.583529130057068,1.0789049411226748,2.329573975817946
3301157,cardoso moreira,Campos dos Goytacazes,1.5798402981294197,1.0714547336678286,2.3347276294127246
3301108,cantagalo,Petrópolis,1.5601923295412774,1.0575983683895365,2.3068354901361974
3300225,areal,Petrópolis,1.5504669038136056,1.0298131699409818,2.3391175016521064
3300233,armacao dos buzios,Macaé - Rio das Ostras - Cabo Frio,1.5408126965201174,1.0171490723959689,2.338700460456368
3305158,sao jose do vale do rio preto,Petrópolis,1.5269936246944409,0.9926208869019908,2.3533700441098384
3300605,bom jesus do itabapoana,Campos dos Goytacazes,1.4910094026631897,1.052435167781791,2.11832074876459
3304128,quatis,Volta Redonda - Barra Mansa,1.4686884938732319,1.0417232700510812,2.076678014186648
3301207,carmo,Petrópolis,1.4663900138279484,1.0266748644018158,2.1000800198624217
3306206,vassouras,Volta Redonda - Barra Mansa,1.4289935733617507,1.0152302359597285,2.0173006682077883
3303104,natividade,Campos dos Goytacazes,1.4184769729768978,1.007463547345483,2.003030757240435
3300100,angra dos reis,Rio de Janeiro,1.3977362436029863,1.0065493204123064,1.9471577043615462
3303807,paraty,Rio de Janeiro,1.391299787383064,1.0021343867094685,1.9377740668677876
3305109,sao joao de meriti,Rio de Janeiro,1.3905388298964683,0.9792222045756745,1.9801340118933004
3305802,teresopolis,Petrópolis,1.3851177991295875,0.9754591597879875,1.9723061011957512
3301850,guapimirim,Rio de Janeiro,1.3579988584845581,0.9562691461617867,1.9338731261868212
3300803,cachoeiras de macacu,Rio de Janeiro,1.357973517227355,0.9568784192927348,1.932590295912379
3303203,nilopolis,Rio de Janeiro,1.3407033669595325,0.877940248903517,2.0512921655837784
3306305,volta redonda,Volta Redonda - Barra Mansa,1.3378715942680524,0.9616717360354372,1.867118003208236
3300704,cabo frio,Macaé - Rio das Ostras - Cabo Frio,1.3341529843219628,0.920030200798631,1.9394740050312735
3302601,mangaratiba,Rio de Janeiro,1.3278728081548152,0.9436397806906915,1.874059533329733
3304102,porciuncula,Campos dos Goytacazes,1.3210427498780484,0.9406596646964857,1.8607729515038272
3300258,arraial do cabo,Macaé - Rio das Ostras - Cabo Frio,1.3078588507080071,0.8934162772088936,1.9190640407321122
3304409,rio claro,Volta Redonda - Barra Mansa,1.2897313981906253,0.8555084068221557,1.9482921081920905
3305901,trajano de moraes,Petrópolis,1.286263175691162,0.8164324392475572,2.029818550818299
3302007,itaguai,Rio de Janeiro,1.2800868940478345,0.9033845350347239,1.8189937241947907
3302858,mesquita,Rio de Janeiro,1.2675015279838673,0.6810369546007746,2.3610902141901846
3302502,mage,Rio de Janeiro,1.2565216679372304,0.8903879675185249,1.7783435652454025
3305133,sao jose de uba,Campos dos Goytacazes,1.2496428892321632,0.867647079136758,1.8044491869194488
3303302,niteroi,Rio de Janeiro,1.2362735671538758,0.865657334499106,1.7703277554436374
3304300,rio bonito,Rio de Janeiro,1.2297021677357018,0.8475683459604625,1.7885329575294497
3304110,porto real,Volta Redonda - Barra Mansa,1.2287304696844132,0.8722899741373974,1.7358859489851524
3302056,italva,Campos dos Goytacazes,1.2211255399337595,0.8532129110532483,1.7523443625174915
3302700,marica,Rio de Janeiro,1.2105743013608739,0.842873775541374,1.7432266922016741
3301900,itaborai,Rio de Janeiro,1.2094600736621515,0.8515993049691646,1.7224891121348453
3304524,rio das ostras,Macaé - Rio das Ostras - Cabo Frio,1.1978147253084634,0.8477121883048121,1.697369599031052
3303906,petropolis,Petrópolis,1.1969730006824875,0.860187651250585,1.6708720892855229
3302254,itatiaia,Volta Redonda - Barra Mansa,1.194672412832461,0.8595943523713411,1.6656451940978398
3303609,paracambi,Rio de Janeiro,1.1815504846311682,0.8156357118950919,1.715888956095711
3302403,macae,Macaé - Rio das Ostras - Cabo Frio,1.1686671328617735,0.8322783121893155,1.6459110772315877
3304151,quissama,Macaé - Rio das Ostras - Cabo Frio,1.166630695348495,0.7826205445323506,1.742793224108719
3301306,casimiro de abreu,Macaé - Rio das Ostras - Cabo Frio,1.150170110435307,0.8165779732981865,1.624784833744665
3304557,rio de janeiro,Rio de Janeiro,1.1303291457740041,0.8034558336276147,1.5948741417376746
3304904,sao goncalo,Rio de Janeiro,1.1253068280903726,0.7878185514659162,1.61170314820255
3303401,nova friburgo,Petrópolis,1.1210083780189888,0.8107328564329443,1.5551208289751066
3304201,resende,Volta Redonda - Barra Mansa,1.1187939153814344,0.8096501485334625,1.551075352811196
3301009,campos dos goytacazes,Campos dos Goytacazes,1.1134408534566842,0.7790137533731863,1.5957111093683987
3304003,pirai,Volta Redonda - Barra Mansa,1.1094316468166288,0.793449610278412,1.555998050478245
3301702,duque de caxias,Rio de Janeiro,1.0847521478097917,0.7763263006933998,1.5203711544946503
3301876,iguaba grande,Macaé - Rio das Ostras - Cabo Frio,1.0718438056527588,0.745392067551881,1.545269352602541
3303500,nova iguacu,Rio de Janeiro,1.0549922746181615,0.7513318945299668,1.4857991505127768
3300456,belford roxo,Rio de Janeiro,1.0489128067163196,0.7347493412834197,1.5014563039819968
3302205,itaperuna,Campos dos Goytacazes,1.0133960081632625,0.7229312037619388,1.424846877621957
3305307,sao sebastiao do alto,Petrópolis,0.9860949378831753,0.6185737680922702,1.5744472731610852
3306008,tres rios,Petrópolis,0.9620841948549884,0.6853887316409769,1.354519101512126
3305505,saquarema,Rio de Janeiro,0.9408364135374686,0.6610585428631088,1.342710124159729
3300209,araruama,Macaé - Rio das Ostras - Cabo Frio,0.9175113413232576,0.6336950778039915,1.3317615238453167
3300951,comendador levy gasparian,Petrópolis,0.9065185431378066,0.5847526457688318,1.407837594168384
