ibge_code,municipio,regiao_intermediaria_nome,rainfall_relative_risk,municipality_order
3306156,varre-sai,Campos dos Goytacazes,2.908909443735721,0
3300902,cambuci,Campos dos Goytacazes,2.4487300374392573,1
3304805,sao fidelis,Campos dos Goytacazes,2.402254906485606,2
3305000,sao joao da barra,Campos dos Goytacazes,2.2557797107612023,3
3303005,miracema,Campos dos Goytacazes,2.0535525617774786,4
3302106,itaocara,Campos dos Goytacazes,2.0365830144862813,5
3304755,sao francisco de itabapoana,Campos dos Goytacazes,1.9533681181081626,6
3300159,aperibe,Campos dos Goytacazes,1.8302437553345063,7
3302304,laje do muriae,Campos dos Goytacazes,1.6969190611589213,8
3304706,santo antonio de padua,Campos dos Goytacazes,1.6368475967167673,9
3301157,cardoso moreira,Campos dos Goytacazes,1.5798402981294197,10
3300605,bom jesus do itabapoana,Campos dos Goytacazes,1.4910094026631897,11
3303104,natividade,Campos dos Goytacazes,1.4184769729768978,12
3304102,porciuncula,Campos dos Goytacazes,1.3210427498780484,13
3305133,sao jose de uba,Campos dos Goytacazes,1.2496428892321632,14
3302056,italva,Campos dos Goytacazes,1.2211255399337595,15
3301009,campos dos goytacazes,Campos dos Goytacazes,1.1134408534566842,16
3302205,itaperuna,Campos dos Goytacazes,1.0133960081632625,17
3301405,conceicao de macabu,Macaé - Rio das Ostras - Cabo Frio,2.5321687804998585,18
3300936,carapebus,Macaé - Rio das Ostras - Cabo Frio,2.2441392569718417,19
3305208,sao pedro da aldeia,Macaé - Rio das Ostras - Cabo Frio,1.583529130057068,20
3300233,armacao dos buzios,Macaé - Rio das Ostras - Cabo Frio,1.5408126965201174,21
3300704,cabo frio,Macaé - Rio das Ostras - Cabo Frio,1.3341529843219628,22
3300258,arraial do cabo,Macaé - Rio das Ostras - Cabo Frio,1.3078588507080071,23
3304524,rio das ostras,Macaé - Rio das Ostras - Cabo Frio,1.1978147253084634,24
3302403,macae,Macaé - Rio das Ostras - Cabo Frio,1.1686671328617735,25
3304151,quissama,Macaé - Rio das Ostras - Cabo Frio,1.166630695348495,26
3301306,casimiro de abreu,Macaé - Rio das Ostras - Cabo Frio,1.150170110435307,27
3301876,iguaba grande,Macaé - Rio das Ostras - Cabo Frio,1.0718438056527588,28
3300209,araruama,Macaé - Rio das Ostras - Cabo Frio,0.9175113413232576,29
3302452,macuco,Petrópolis,2.230468909686446,30
3301603,duas barras,Petrópolis,2.206234285115616,31
3305703,sumidouro,Petrópolis,1.8695884080903935,32
3303708,paraiba do sul,Petrópolis,1.7898947794938165,33
3304607,santa maria madalena,Petrópolis,1.7644310545479098,34
3301504,cordeiro,Petrópolis,1.6895159394062156,35
3300506,bom jardim,Petrópolis,1.6344672170013264,36
3305406,sapucaia,Petrópolis,1.591674361030568,37
3301108,cantagalo,Petrópolis,1.5601923295412774,38
3300225,areal,Petrópolis,1.5504669038136056,39
3305158,sao jose do vale do rio preto,Petrópolis,1.5269936246944409,40
3301207,carmo,Petrópolis,1.4663900138279484,41
3305802,teresopolis,Petrópolis,1.3851177991295875,42
3305901,trajano de moraes,Petrópolis,1.286263175691162,43
3303906,petropolis,Petrópolis,1.1969730006824875,44
3303401,nova friburgo,Petrópolis,1.1210083780189888,45
3305307,sao sebastiao do alto,Petrópolis,0.9860949378831753,46
3306008,tres rios,Petrópolis,0.9620841948549884,47
3300951,comendador levy gasparian,Petrópolis,0.9065185431378066,48
3305752,tangua,Rio de Janeiro,2.714131286770095,49
3304144,queimados,Rio de Janeiro,2.1294839544338275,50
3302270,japeri,Rio de Janeiro,1.7318284087504232,51
3305554,seropedica,Rio de Janeiro,1.6809804588287156,52
3305604,silva jardim,Rio de Janeiro,1.6005582491092987,53
3300100,angra dos reis,Rio de Janeiro,1.3977362436029863,54
3303807,paraty,Rio de Janeiro,1.391299787383064,55
3305109,sao joao de meriti,Rio de Janeiro,1.3905388298964683,56
3301850,guapimirim,Rio de Janeiro,1.3579988584845581,57
3300803,cachoeiras de macacu,Rio de Janeiro,1.357973517227355,58
3303203,nilopolis,Rio de Janeiro,1.3407033669595325,59
3302601,mangaratiba,Rio de Janeiro,1.3278728081548152,60
3302007,itaguai,Rio de Janeiro,1.2800868940478345,61
3302858,mesquita,Rio de Janeiro,1.2675015279838673,62
3302502,mage,Rio de Janeiro,1.2565216679372304,63
3303302,niteroi,Rio de Janeiro,1.2362735671538758,64
3304300,rio bonito,Rio de Janeiro,1.2297021677357018,65
3302700,marica,Rio de Janeiro,1.2105743013608739,66
3301900,itaborai,Rio de Janeiro,1.2094600736621515,67
3303609,paracambi,Rio de Janeiro,1.1815504846311682,68
3304557,rio de janeiro,Rio de Janeiro,1.1303291457740041,69
3304904,sao goncalo,Rio de Janeiro,1.1253068280903726,70
3301702,duque de caxias,Rio de Janeiro,1.0847521478097917,71
3303500,nova iguacu,Rio de Janeiro,1.0549922746181615,72
3300456,belford roxo,Rio de Janeiro,1.0489128067163196,73
3305505,saquarema,Rio de Janeiro,0.9408364135374686,74
3302809,mendes,Volta Redonda - Barra Mansa,2.638056785722637,75
3302908,miguel pereira,Volta Redonda - Barra Mansa,2.0252065796866363,76
3304508,rio das flores,Volta Redonda - Barra Mansa,1.941103122311527,77
3301801,engenheiro paulo de frontin,Volta Redonda - Barra Mansa,1.809513156642191,78
3303856,paty do alferes,Volta Redonda - Barra Mansa,1.7869184330557983,79
3303955,pinheiral,Volta Redonda - Barra Mansa,1.6815634021865344,80
3306107,valenca,Volta Redonda - Barra Mansa,1.5962294221501108,81
3300308,barra do pirai,Volta Redonda - Barra Mansa,1.591893722279248,82
3300407,barra mansa,Volta Redonda - Barra Mansa,1.5892844117618206,83
3304128,quatis,Volta Redonda - Barra Mansa,1.4686884938732319,84
3306206,vassouras,Volta Redonda - Barra Mansa,1.4289935733617507,85
3306305,volta redonda,Volta Redonda - Barra Mansa,1.3378715942680524,86
3304409,rio claro,Volta Redonda - Barra Mansa,1.2897313981906253,87
3304110,porto real,Volta Redonda - Barra Mansa,1.2287304696844132,88
3302254,itatiaia,Volta Redonda - Barra Mansa,1.194672412832461,89
3304201,resende,Volta Redonda - Barra Mansa,1.1187939153814344,90
3304003,pirai,Volta Redonda - Barra Mansa,1.1094316468166288,91
