model,dic,waic,fit_n,fit_start,fit_end,fit_signature,criteria_group,waic_rank_within_fit_sample,dic_rank_within_fit_sample
R_M0,109000.873995201,109095.938842536,33488,2017-01-02,2023-12-25,1fb0094776d2eb363df45090f10fcca0,fit_1,1,1
R_M1,104129.095460575,104221.501851017,31588,2017-01-02,2023-12-25,deab970c7d36f47833d2c068389c53c2,fit_2,1,1
R_M2,98268.5549627812,98365.3099433026,30393,2017-03-27,2023-12-25,97d010140473f439d267aedab8529103,fit_3,1,1
R_M3,105301.676048794,105395.001552519,32111,2017-01-02,2023-12-25,fbce99723666f2b4c64b8e25ee3576b4,fit_4,1,1
R_M4,95277.2087946161,95469.4646791925,31143,2017-01-30,2023-12-25,fef1a707af450e85d9a638ae9261319e,fit_5,1,1
R_M5,91356.4833347356,91525.4222666344,30302,2017-03-27,2023-12-25,75570f3877a2e800c2c9d870c399f1a3,fit_6,11,12
S1,91356.4467230557,91525.7073945575,30302,2017-03-27,2023-12-25,75570f3877a2e800c2c9d870c399f1a3,fit_6,12,11
S2,91142.0759132788,91303.9918079185,30302,2017-03-27,2023-12-25,75570f3877a2e800c2c9d870c399f1a3,fit_6,9,9
S3,91189.472481412,91361.2184401641,30302,2017-03-27,2023-12-25,75570f3877a2e800c2c9d870c399f1a3,fit_6,10,10
S4,91141.9219356927,91303.2176925694,30302,2017-03-27,2023-12-25,75570f3877a2e800c2c9d870c399f1a3,fit_6,8,8
S5,91140.353156913,91302.8723297523,30302,2017-03-27,2023-12-25,75570f3877a2e800c2c9d870c399f1a3,fit_6,7,7
S6,91062.4008004175,91226.1856477551,30302,2017-03-27,2023-12-25,75570f3877a2e800c2c9d870c399f1a3,fit_6,5,5
S7,91110.9379371806,91276.7552628666,30302,2017-03-27,2023-12-25,75570f3877a2e800c2c9d870c399f1a3,fit_6,6,6
S8,90483.1552888703,90669.2705800105,30302,2017-03-27,2023-12-25,75570f3877a2e800c2c9d870c399f1a3,fit_6,2,3
S9,90775.3522825547,90966.2629517475,30302,2017-03-27,2023-12-25,75570f3877a2e800c2c9d870c399f1a3,fit_6,4,4
S10,90356.142253384,90736.0194435781,30302,2017-03-27,2023-12-25,75570f3877a2e800c2c9d870c399f1a3,fit_6,3,2
S11,89767.4110840008,90154.3158497694,30302,2017-03-27,2023-12-25,75570f3877a2e800c2c9d870c399f1a3,fit_6,1,1
