municipio,ibge_code,rainfall_municipality_slope_idx,rainfall_effect_mean,rainfall_effect_sd,rainfall_effect_q025,rainfall_effect_q975,rainfall_relative_risk,rainfall_relative_risk_q025,rainfall_relative_risk_q975
angra dos reis,3300100,1,0.265583671319024,0.076891240004789,0.114876840909637,0.41629050172841,1.30419197311981,1.12173527716789,1.5163263003055
aperibe,3300159,2,0.535178869877295,0.111441911431011,0.316752723472513,0.753605016282077,1.70775368062784,1.37266310259037,2.12464560910416
araruama,3300209,3,-0.155360625756636,0.11529351732552,-0.381335919714655,0.0706146682013829,0.856106387794343,0.682948435239443,1.07316762057639
areal,3300225,4,0.369285826095779,0.145182122402104,0.0847288661876555,0.653842786003902,1.44670104949786,1.08842191870365,1.92291600403544
armacao dos buzios,3300233,5,0.363039714498633,0.149579895076652,0.0698631201483956,0.656216308848871,1.43769295536234,1.07236138654037,1.92748550986798
arraial do cabo,3300258,6,0.199121047167215,0.12409019712082,-0.0440957391895924,0.442337833524023,1.22032967441,0.956862343862257,1.55634143594221
barra do pirai,3300308,7,0.395654040089445,0.0846938983384869,0.229653999346011,0.561654080832879,1.4853553552455,1.25816460883181,1.75357065034994
barra mansa,3300407,8,0.394013571688965,0.0832817131565039,0.230781413902218,0.557245729475713,1.48292067427634,1.2595838818301,1.7458573088448
belford roxo,3300456,9,-0.0215160821674478,0.103382536569913,-0.224145853844478,0.181113689509582,0.978713737504371,0.799198559685708,1.19855143427244
bom jardim,3300506,10,0.42204660234157,0.140241795251441,0.147172683648746,0.696920521034395,1.52507959530746,1.15855400909058,2.00756093697254
bom jesus do itabapoana,3300605,11,0.330183054300429,0.0965720049193915,0.140901924658422,0.519464183942436,1.39122277446777,1.15131172715656,1.68112663368589
cabo frio,3300704,12,0.219026334077009,0.116554856265903,-0.00942118420416174,0.447473852358179,1.24486405860187,0.990623056110684,1.56435539718104
cachoeiras de macacu,3300803,13,0.236723239898923,0.09813844840861,0.0443718810180476,0.429074598779799,1.2670903891795,1.04537103625755,1.53583560158586
cambuci,3300902,14,0.826299250358058,0.139661418185376,0.552562870714721,1.10003563000139,2.28484742653119,1.73770081840242,3.00427306429297
campos dos goytacazes,3301009,15,0.0381848008764383,0.104428463107442,-0.166494986814147,0.242864588567024,1.03892320905885,0.846627061223607,1.27489597693839
cantagalo,3301108,16,0.375538814087476,0.130059322017645,0.120622542932892,0.630455085242061,1.4557755957345,1.1281989853077,1.8784652465878
carapebus,3300936,17,0.739051755466954,0.139732734896841,0.465175595069146,1.01292791586476,2.09394899710211,1.5922937632739,2.7536516838763
cardoso moreira,3301157,18,0.388053477054866,0.129675433932913,0.133889626546356,0.642217327563376,1.47410861316754,1.14326662639459,1.90069066414323
carmo,3301207,19,0.313533319786225,0.103817033524627,0.110051934077955,0.517014705494495,1.36825105183484,1.11633604483661,1.67701378944648
casimiro de abreu,3301306,20,0.0706395658113262,0.0911747311581434,-0.108062907258635,0.249342038881287,1.07319434021783,0.897571130915133,1.28318085576272
comendador levy gasparian,3300951,21,-0.167414080988065,0.165671794871089,-0.492130798935399,0.15730263695927,0.845849288702003,0.611322400283676,1.17034975140071
conceicao de macabu,3301405,22,0.859805873283415,0.14387777989339,0.577805424692371,1.14180632187446,2.36270198560475,1.78212313269109,3.1324214193612
cordeiro,3301504,23,0.455171773778162,0.103527084292708,0.252258688564454,0.658084858991871,1.57644415154583,1.28692890801983,1.93109048017808
duas barras,3301603,24,0.722016831038237,0.182853489105658,0.363623992391147,1.08040966968533,2.0585808364334,1.43853321302046,2.94588614414603
duque de caxias,3301702,25,0.012081237956687,0.0833436278398032,-0.151272272609327,0.175434748522701,1.01215451089057,0.859613617551051,1.19176422173803
engenheiro paulo de frontin,3301801,26,0.523787547124751,0.115204877108699,0.297985987991702,0.7495891062578,1.6884104887086,1.34714291156965,2.11613033323958
guapimirim,3301850,27,0.236741900808313,0.0987292265078647,0.0432326168528982,0.430251184763728,1.26711403445906,1.04418076064458,1.53764370771588
iguaba grande,3301876,28,0.000110060608576601,0.10959384677649,-0.214693879073343,0.214914000290497,1.00011006666547,0.806788377184745,1.23975527378795
itaborai,3301900,29,0.120903752166811,0.0988057816046968,-0.0727555797783945,0.314563084112017,1.12851628989247,0.92982807103669,1.3696607536625
itaguai,3302007,30,0.177657673860155,0.0967437076302888,-0.0119599930952113,0.367275340815521,1.19441637129591,0.988111243343612,1.44379540019422
italva,3302056,31,0.130502719409704,0.105585024725224,-0.076443929051735,0.337449367871142,1.13940103838759,0.926404857231386,1.40136865231748
itaocara,3302106,32,0.64200312284612,0.108641175775825,0.429066418325504,0.854939827366736,1.90028357083914,1.53582303780431,2.35123289644341
itaperuna,3302205,33,-0.0559632127436005,0.0865462866201755,-0.225593934519145,0.113667509031944,0.945573920320832,0.798042093226657,1.12037954686804
itatiaia,3302254,34,0.108601728539514,0.0777879766008737,-0.0438627055981986,0.261066162677226,1.11471830143537,0.957085350913775,1.29831356249324
japeri,3302270,35,0.479907446330015,0.106230790338919,0.271695097265733,0.688119795394297,1.61592483549758,1.31218685095201,1.98997046196843
laje do muriae,3302304,36,0.459544002121464,0.131959850478807,0.200902695183003,0.718185309059925,1.58335181528432,1.22250581033151,2.05070842999457
macae,3302403,37,0.0865936090007169,0.0882105528246476,-0.0862990745355924,0.259486292537026,1.09045343919707,0.917319843184869,1.29626401509891
macuco,3302452,38,0.732941549027575,0.133122721810571,0.472021014278856,0.993862083776293,2.08119354536293,1.60323107411745,2.7016483420175
mage,3302502,39,0.15907703478819,0.0929671788344564,-0.0231386357273445,0.341292705303725,1.17242826096475,0.977127009669025,1.4067649481662
mangaratiba,3302601,40,0.214307981733384,0.090267168887026,0.0373843307148128,0.391231632751955,1.2390041866951,1.0380919147873,1.47880101249273
marica,3302700,41,0.121824588489597,0.108586771563618,-0.0910054837750946,0.334654660754288,1.12955594728674,0.91301270412921,1.39745770489331
mendes,3302809,42,0.900772292372385,0.152664367544693,0.601550131984786,1.19999445275998,2.46150337756497,1.82494551534768,3.32009850530218
mesquita,3302858,43,0.167777374250336,0.278510462511636,-0.37810313227247,0.713657880773142,1.18267328781037,0.685159834931192,2.04144498026604
miguel pereira,3302908,44,0.636401422273335,0.112147350550215,0.416592615194914,0.856210229351756,1.889668510225,1.51678447210688,2.35422180553833
miracema,3303005,45,0.650300962535446,0.102544823080096,0.449313109298459,0.851288815772433,1.91611742180061,1.56723529632776,2.34266416965636
natividade,3303104,46,0.280313454031544,0.0907997598902022,0.102345924646748,0.45828098341634,1.32354461771918,1.10776660922874,1.58135327468758
nilopolis,3303203,47,0.223924089224603,0.155277998046841,-0.0804207869472061,0.528268965396412,1.25097605326172,0.922727992790116,1.6959939419441
niteroi,3303302,48,0.142831379451716,0.103720759771722,-0.0604613097008605,0.346124068604291,1.1535352755153,0.941330188660446,1.41357798558624
nova friburgo,3303401,49,0.0449583300211512,0.0721969647244024,-0.0965477208386776,0.18646438088098,1.04598427285806,0.907966567639788,1.20498170093467
nova iguacu,3303500,50,-0.015736843477688,0.0881998324562848,-0.188608515092006,0.15713482813663,0.984386333657408,0.828110636060884,1.17015337286434
paracambi,3303609,51,0.0975572582587315,0.115716345890798,-0.129246779687232,0.324361296204695,1.10247456553004,0.878757079387931,1.38314694259674
paraiba do sul,3303708,52,0.512886547977128,0.114209077078358,0.289036756903547,0.736736339050709,1.67010508229187,1.33514080326831,2.08910624188047
paraty,3303807,53,0.260968121304689,0.0766556170402238,0.11072311190585,0.411213130703527,1.29818628028915,1.117085556338,1.50864686126249
paty do alferes,3303856,54,0.511222302768827,0.0999443892953139,0.315331299750012,0.707113305787642,1.66732792948393,1.37071335273198,2.02812821433187
petropolis,3303906,55,0.110525582758544,0.0790903896443534,-0.0444915809443885,0.265542746461477,1.11686492117224,0.956483652748787,1.30413860034125
pinheiral,3303955,56,0.450453669476167,0.0951325231916582,0.263993924020516,0.636913414931817,1.5690238422741,1.30212028462072,1.890636254347
pirai,3304003,57,0.0345775665551495,0.0840275819308606,-0.130116494029337,0.199271627139636,1.03518232078865,0.877993144003694,1.22051344545449
porciuncula,3304102,58,0.209151099029233,0.0883492070732937,0.0359866531655772,0.382315544892888,1.23263123384275,1.03664201050932,1.46567449827564
porto real,3304110,59,0.136711210152568,0.0912431322155363,-0.042125328989883,0.315547749295019,1.14649700401224,0.958749613921796,1.37101007512507
quatis,3304128,60,0.315099533779551,0.0920734143091279,0.13463564173366,0.495563425825442,1.37039570483297,1.14411983887618,1.64142279856741
queimados,3304144,61,0.686609387712236,0.135195117198276,0.421626958003615,0.951591817420858,1.98696706404423,1.52443973855588,2.58982891467824
quissama,3304151,62,0.0848495590513991,0.137898786221473,-0.185432061942688,0.355131180045486,1.08855329138969,0.830745272883741,1.42636775299612
resende,3304201,63,0.0429809560666496,0.0714739473700815,-0.0971079807787101,0.183069892912009,1.04391801435622,0.9074580128198,1.20089833942966
rio bonito,3304300,64,0.137501712269322,0.116968906313384,-0.0917573441049096,0.366760768643554,1.1474036706345,0.912326504091977,1.44305265437382
rio claro,3304409,65,0.185163690494135,0.146130902654207,-0.10125287870811,0.471580259696381,1.20341541166946,0.903704476368046,1.60252459837741
rio das flores,3304508,66,0.593986143478402,0.144851291223512,0.310077612680318,0.877894674276485,1.81119372320975,1.36353093731626,2.40582931653243
rio das ostras,3304524,67,0.111228546659271,0.0941485552976477,-0.0733026217241184,0.295759715042661,1.1176503129125,0.929319555181954,1.34414713968741
rio de janeiro,3304557,68,0.0532385820145555,0.090030987263709,-0.123222153022314,0.229699317051425,1.05468124308048,0.88406724253412,1.25822162725688
santa maria madalena,3304607,69,0.49855800197959,0.227801748365102,0.0520665751839901,0.945049428775189,1.64634553120906,1.0534458735317,2.57294055274543
santo antonio de padua,3304706,70,0.423501907178377,0.09249202266881,0.242217542747509,0.604786271609244,1.52730066679506,1.2740713276479,1.83086086012076
sao fidelis,3304805,71,0.807137552885263,0.13773100865656,0.537184775918406,1.07709032985212,2.24148266939847,1.7111827120602,2.93612395789384
sao francisco de itabapoana,3304755,72,0.600284834925362,0.138676591760813,0.328478715074168,0.872090954776556,1.82263787738514,1.38885367836596,2.39190699771014
sao goncalo,3304904,73,0.0487854468088975,0.103873546611771,-0.154806704550173,0.252377598167968,1.04999504678312,0.856580734640791,1.28708194532465
sao joao da barra,3305000,74,0.744225395186861,0.186211334838077,0.37925117890423,1.10919961146949,2.10481040708918,1.46119000975896,3.03193070045813
sao joao de meriti,3305109,75,0.260421031692194,0.0986932023555017,0.0669823550754103,0.453859708308977,1.29747625030285,1.06927661070298,1.57437710995398
sao jose de uba,3305133,76,0.153587534141081,0.110938820915203,-0.0638525548527172,0.371027623134879,1.16600984832569,0.938143314012686,1.44922310491904
sao jose do vale do rio preto,3305158,77,0.35403056343293,0.160380642012017,0.0396845050893768,0.668376621776484,1.42479873255493,1.04048245548437,1.95106742798953
sao pedro da aldeia,3305208,78,0.390385695079619,0.126131003047782,0.143168929105966,0.637602461053273,1.47755056798,1.15392471667288,1.8919394388507
sao sebastiao do alto,3305307,79,-0.0832729308712097,0.184270656612745,-0.44444341783219,0.27789755608977,0.920099989255635,0.641181046673937,1.3203509283685
sapucaia,3305406,80,0.395516231666137,0.0933403726861307,0.21256910120132,0.578463362130953,1.4851506748696,1.23685157854232,1.78329604402908
saquarema,3305505,81,-0.130256285463375,0.100694158167054,-0.3276168354708,0.0671042645440497,0.877870416661334,0.720639090149423,1.06940697359249
seropedica,3305554,82,0.450106941886726,0.106753482233059,0.240870116709931,0.659343767063521,1.56847991272263,1.27235576682252,1.93352307645693
silva jardim,3305604,83,0.401082186343517,0.181222140491705,0.0458867909797746,0.75627758170726,1.49344000382948,1.04695587939832,2.13033145801712
sumidouro,3305703,84,0.556448016272806,0.109382316875104,0.342058675197603,0.77083735734801,1.74446517075644,1.40784290055109,2.16157550731766
tangua,3305752,85,0.929201646402629,0.147355497813523,0.640384870688124,1.21801842211713,2.53248655059155,1.89721091968254,3.38048240308475
teresopolis,3305802,86,0.256514901803531,0.0986429650069198,0.063174690389968,0.449855113217093,1.29241802501567,1.06521290543669,1.56808497424337
trajano de moraes,3305901,87,0.182470963863236,0.176514016436124,-0.163496508351566,0.528438436078038,1.20017930187729,0.849169463997637,1.69628138754959
tres rios,3306008,88,-0.107923599248951,0.087883661182083,-0.280175575165833,0.0643283766679322,0.897696178472791,0.75565105624844,1.06644253611644
valenca,3306107,89,0.398373949169095,0.169586455205892,0.0659844969655461,0.730763401372643,1.48940088600662,1.06821015653876,2.07666533187172
varre-sai,3306156,90,0.998507961597784,0.1237627337838,0.755933003381536,1.24108291981403,2.71422907176909,2.12959751842718,3.45935764401035
vassouras,3306206,91,0.287700113897939,0.0905208719551794,0.110279204865788,0.465121022930091,1.33335738881187,1.11658978424169,1.59220687076821
volta redonda,3306305,92,0.221809700949154,0.0788399056305596,0.0672834859132566,0.37633591598505,1.24833379852244,1.0695986513504,1.45693645982632
