date,year,week,rainfall_time_idx,rainfall_effect_mean,rainfall_effect_sd,rainfall_effect_q025,rainfall_effect_q975,rainfall_relative_risk,rainfall_relative_risk_q025,rainfall_relative_risk_q975
2017-03-27,2017,13,1,0.0596848411612688,0.108376902845903,-0.152733888416701,0.272103570739238,1.0615019521004,0.858358110457426,1.31272295395739
2017-04-03,2017,14,2,0.0146223459802475,0.102802222532325,-0.18687001018311,0.216114702143605,1.01472977546626,0.829551562632822,1.24124474426862
2017-04-10,2017,15,3,-0.0309063020743718,0.10463674028808,-0.23599431303901,0.174181708890266,0.969566415181962,0.789785165397458,1.19027182914447
2017-04-17,2017,16,4,-0.0766721814178353,0.105193473829221,-0.282851390123108,0.129507027287438,0.926193427261369,0.753631776663742,1.13826711036485
2017-04-24,2017,17,5,-0.185230475533186,0.141333736394518,-0.462244598866442,0.0917836478000705,0.830912756721179,0.629868256036872,1.09612764679726
2017-05-01,2017,18,6,-0.16355680935418,0.133862359320493,-0.425927033622346,0.0988134149139868,0.849118259771417,0.653163999393015,1.1038603164707
2017-05-08,2017,19,7,-0.154075404475161,0.130008631841061,-0.408892322883642,0.100741513933319,0.857207381301735,0.664385767614397,1.10599072162041
2017-05-15,2017,20,8,-0.101164338386039,0.150892554611128,-0.39691374542385,0.194585068651772,0.903784494195791,0.672392020020174,1.21480682046797
2017-05-22,2017,21,9,-0.057150165158112,0.128257578437179,-0.308535018894982,0.194234688578758,0.944452234898309,0.734522229591964,1.21438125092541
2017-05-29,2017,22,10,0.0725812873361883,0.134720832298435,-0.191471543968745,0.336634118641122,1.07528020920159,0.825743122144257,1.40022665317291
2017-06-05,2017,23,11,0.304072196468931,0.138002671676017,0.0335869599839383,0.574557432953924,1.35536690526211,1.03415737012452,1.77634420151994
2017-06-12,2017,24,12,0.347506042562722,0.132475829542564,0.0878534166592961,0.607158668466148,1.41553286403496,1.09182806649229,1.83520954503432
2017-06-19,2017,25,13,0.455419684507225,0.164843467884594,0.132326487453421,0.778512881561029,1.57683501741269,1.14148093764077,2.17823056885892
2017-06-26,2017,26,14,0.534439664180909,0.192928684209907,0.15629944312949,0.912579885232327,1.70649176584385,1.16917625247328,2.49074007510209
2017-07-03,2017,27,15,0.597024283204709,0.203904098293687,0.197372250549083,0.996676315860335,1.81670475020827,1.21819743097586,2.70926211589975
2017-07-10,2017,28,16,0.648579127566263,0.205519446275952,0.245761012865398,1.05139724226713,1.91282102256084,1.27859396951638,2.86164673976574
2017-07-17,2017,29,17,0.550198726904684,0.199740431455651,0.158707481251608,0.94168997255776,1.73359749610208,1.17199506600382,2.56431137439756
2017-07-24,2017,30,18,0.432632988790054,0.18687372089302,0.0663604958397341,0.798905481740374,1.54131043867381,1.06861187787367,2.22310636588834
2017-07-31,2017,31,19,0.415884133188286,0.191484128815196,0.0405752407105026,0.791193025666069,1.5157102381831,1.04140966315778,2.2060267034271
2017-08-07,2017,32,20,0.437029085766064,0.194570885829459,0.0556701495403248,0.818388021991804,1.54810110410807,1.05724889218217,2.26684279005864
2017-08-14,2017,33,21,0.416918580026011,0.186966671135296,0.0504639046008317,0.783373255451191,1.51727897109141,1.05175889901255,2.18884335400211
2017-08-21,2017,34,22,0.451685001820571,0.176355907928962,0.106027422279806,0.797342581361337,1.57095702202936,1.11185236561516,2.21963458583633
2017-08-28,2017,35,23,0.449226349578061,0.171984835079283,0.112136072822667,0.786316626333455,1.56709932932997,1.11866507020274,2.19529542255338
2017-09-04,2017,36,24,0.480777876875634,0.163493878341876,0.160329875325556,0.801225878425711,1.61733199816366,1.17389804712884,2.22827084403266
2017-09-11,2017,37,25,0.461995620143368,0.162919400963601,0.142673594254711,0.781317646032026,1.58723835133395,1.15335327908315,2.18434856833117
2017-09-18,2017,38,26,0.388640690433761,0.160998365973735,0.0730838931252392,0.704197487742282,1.47497448366763,1.07582078709699,2.02222317468052
2017-09-25,2017,39,27,0.433772101580639,0.160950499612885,0.118309122339385,0.749235080821894,1.54306716547379,1.12559200322723,2.11538130187182
2017-10-02,2017,40,28,0.361502130440785,0.160579517001208,0.046766277118416,0.676237983763153,1.43548408019489,1.04787706760877,1.96646592256786
2017-10-09,2017,41,29,0.330534793240502,0.161515593630356,0.0139642297250042,0.647105356756,1.39171220776319,1.01406218500651,1.91000403907642
2017-10-16,2017,42,30,0.355018781460467,0.161607305729572,0.0382684622305068,0.671769100690428,1.4262074402886,1.03901013041723,1.95769762313843
2017-10-23,2017,43,31,0.33586238087054,0.15709259059109,0.0279609033120024,0.643763858429077,1.39914646224297,1.02835547834218,1.90363241508947
2017-10-30,2017,44,32,0.278027881133618,0.155452090442362,-0.0266582161334117,0.582713978400648,1.32052301437445,0.973693977551716,1.79089228412113
2017-11-06,2017,45,33,0.185232181119254,0.151452970436226,-0.11161564093575,0.482080003174257,1.20349783716593,0.894387957562454,1.6194393404072
2017-11-13,2017,46,34,0.0981238529344547,0.155077310833615,-0.205827676299431,0.402075382168341,1.10309939874586,0.813973331094538,1.49492401904278
2017-11-20,2017,47,35,0.06401857748503,0.158459476804984,-0.246561997052739,0.374599152022799,1.06611220426105,0.781482910397896,1.45440830113055
2017-11-27,2017,48,36,-0.0810983559135396,0.162274788440199,-0.399156941256329,0.236960229429249,0.922102992702077,0.670885403492796,1.26739071192098
2018-02-05,2018,6,37,-0.234318086225328,0.145212766278691,-0.518935108131562,0.0502989356809069,0.791110134632991,0.595153985278607,1.05158540579385
2018-02-12,2018,7,38,-0.262932488185588,0.141887519246922,-0.541032025909555,0.0151670495383781,0.768793798223405,0.582147151308081,1.015282652949
2018-02-19,2018,8,39,-0.20959231678885,0.138188720033302,-0.480442208054122,0.0612575744764222,0.810914774929468,0.618509821298526,1.06317272508034
2018-02-26,2018,9,40,-0.153308726977641,0.129219340722633,-0.406578634794002,0.0999611808387207,0.857864834906926,0.665924728703299,1.10512801710023
2018-03-05,2018,10,41,0.046120837183994,0.10669817669564,-0.16300758913946,0.255249263507448,1.04720094412499,0.849584740773043,1.29078332595574
2018-03-12,2018,11,42,-0.0520913730850507,0.102053292603779,-0.252115826588457,0.147933080418356,0.94924212769847,0.777154717676018,1.15943530484126
2018-03-19,2018,12,43,-0.0466101755459452,0.0981615288588007,-0.239006772109195,0.145786421017304,0.95445939669172,0.787409549931179,1.15694906165761
2018-03-26,2018,13,44,-0.0768639340917581,0.104697253881107,-0.282070551698727,0.128342683515211,0.926015844221678,0.75422047112051,1.13694254741671
2018-04-02,2018,14,45,-0.102030837512276,0.105597996648761,-0.309002910943847,0.104941235919294,0.903001704913356,0.734178632870379,1.11064534238548
2018-04-09,2018,15,46,-0.0350919909168196,0.101987093245095,-0.234986693677206,0.164802711843567,0.965516593415549,0.790581369289641,1.17916046136831
2018-04-16,2018,16,47,-0.236699247378122,0.106315186513154,-0.445077012943905,-0.0283214818123396,0.789228614902672,0.640774926168609,0.972075811869844
2018-04-23,2018,17,48,-0.297813413121628,0.135095322633611,-0.562600245483506,-0.033026580759751,0.742439856359858,0.569725709438988,0.967512842020828
2018-04-30,2018,18,49,-0.282108059326048,0.132113812911264,-0.541051132632125,-0.0231649860199701,0.754192182630682,0.582136028490226,0.977101262425613
2018-05-07,2018,19,50,-0.293435161790662,0.123916953488539,-0.536312390628199,-0.0505579329531258,0.745697570991891,0.584901167405975,0.950698850284985
2018-05-14,2018,20,51,-0.372108509086079,0.149349850716698,-0.664834216490807,-0.0793828016813499,0.68927944538354,0.514358792844322,0.923686268102815
2018-05-21,2018,21,52,-0.369506985292658,0.130953543447857,-0.626175930450458,-0.112838040134858,0.691074956781175,0.534632368244294,0.893295326391229
2018-05-28,2018,22,53,-0.324348608971973,0.134448402060443,-0.587867477010442,-0.0608297409335045,0.722998154798916,0.555510661753826,0.940983437099688
2018-06-04,2018,23,54,-0.199810725608819,0.139501611117093,-0.473233883398321,0.0736124321806834,0.818885732509168,0.622984348440744,1.07638955069328
2018-06-11,2018,24,55,-0.0330704492667964,0.128535906581843,-0.285000826167209,0.218859927633616,0.96747039960785,0.752013633030122,1.24465692243625
2018-06-18,2018,25,56,0.0362862005877467,0.15024742388701,-0.258198750230792,0.330771151406286,1.03695258046417,0.772441693884622,1.39204118918511
2018-06-25,2018,26,57,0.116135627194697,0.1812014491852,-0.239019213208295,0.471290467597688,1.12314819124212,0.787399753751873,1.60206026669391
2018-07-02,2018,27,58,0.135313171182316,0.189545331273441,-0.236195678113629,0.50682202047826,1.14489527642104,0.789626146259682,1.66000733407848
2018-07-09,2018,28,59,0.191263615312445,0.190705623212914,-0.182519406184866,0.565046636809757,1.21077858979091,0.83316847514999,1.75952983966676
2018-07-16,2018,29,60,0.258707583928533,0.184187372946138,-0.102299667045898,0.619714834902964,1.29525499606836,0.902758984012899,1.85839801602693
2018-07-23,2018,30,61,0.393718144425955,0.176063668819233,0.0486333535402585,0.738802935311652,1.48248264378653,1.04983536174822,2.09342804520181
2018-07-30,2018,31,62,0.59216187829461,0.180997778802233,0.237406231842233,0.946917524746987,1.80789263750274,1.26795609730894,2.57775154492613
2018-08-06,2018,32,63,0.745269084906013,0.186533753790856,0.379662927475934,1.11087524233609,2.10700832284334,1.46179177653827,3.03701535593834
2018-08-13,2018,33,64,0.84594604664459,0.181195669835373,0.490802533767258,1.20108955952192,2.33018123227401,1.63362673463654,3.32373635918126
2018-08-20,2018,34,65,0.813289135163354,0.168826007647797,0.482390160173673,1.14418811015304,2.25531383261696,1.61994169875471,3.13989107602051
2018-08-27,2018,35,66,0.747731777305303,0.163242475426694,0.427776525468982,1.06768702914162,2.11220363082225,1.53384326775908,2.90864410454189
2018-09-03,2018,36,67,0.923443596265249,0.16028127124428,0.60929230462646,1.23759488790404,2.51794626807261,1.83912939476085,3.44731231362066
2018-09-10,2018,37,68,0.84864907441318,0.157721018145581,0.539515878847841,1.15778226997852,2.33648829709623,1.71517630802626,3.18286670409399
2018-09-17,2018,38,69,0.792816630436927,0.157954640321078,0.483225535407614,1.10240772546624,2.20961132812685,1.6212955233273,3.01140794576836
2018-09-24,2018,39,70,0.697874550774241,0.152711079573359,0.398560834810459,0.997188266738024,2.0094771237152,1.48967925965766,2.71064948011874
2018-10-01,2018,40,71,0.540346676952697,0.151268500659316,0.243860415660438,0.836832938244956,1.71660186534563,1.27616618524246,2.30904250416903
2018-10-08,2018,41,72,0.627530979986394,0.153797469682837,0.326087939408034,0.928974020564755,1.87298043947242,1.3855372068373,2.53191015682211
2018-10-15,2018,42,73,0.687436181592798,0.156232534547901,0.381220413878912,0.993651949306685,1.98861055557441,1.46407027125589,2.70108069221957
2018-10-22,2018,43,74,0.66882847319301,0.153540948607179,0.367888213922939,0.96976873246308,1.95194921977504,1.4446805347775,2.63733445897587
2018-10-29,2018,44,75,0.613012477213507,0.152803658789347,0.313517305986386,0.912507648440628,1.84598401580044,1.3682291411118,2.49056015852849
2018-11-05,2018,45,76,0.458841835546967,0.148666909234688,0.167454693446978,0.750228977646956,1.58224042879884,1.18229172340881,2.11748481779728
2018-11-12,2018,46,77,0.404339445164134,0.154353004814696,0.101807555727329,0.706871334600938,1.49831245556527,1.1071703826257,2.02763752510978
2018-11-19,2018,47,78,0.136041050112535,0.152402383683281,-0.162667621906696,0.434749722131767,1.14572892493084,0.84987362084846,1.54457643727389
2018-11-26,2018,48,79,0.112884160670416,0.169319662927958,-0.218982378668382,0.444750700009215,1.11950224304783,0.803335873876739,1.56010121412981
2018-12-03,2018,49,80,0.0342353361203109,0.174064592872637,-0.306931265910057,0.375401938150679,1.03482811050709,0.735701166919608,1.45557634872244
2018-12-10,2018,50,81,-0.12672076413568,0.183021702965264,-0.485443301947597,0.232001773676238,0.880979639365234,0.615424317486256,1.26112196564841
2018-12-17,2018,51,82,-0.0171808457326411,0.194489088172608,-0.398379458550953,0.364017767085671,0.982965903370946,0.671407208112049,1.43909978254003
2018-12-24,2018,52,83,0.107546209193443,0.194318577241041,-0.273318202198997,0.488410620585882,1.11354231544995,0.76085064475751,1.62972391078518
2018-12-31,2019,1,84,0.120468581154076,0.189317120423661,-0.2505929748763,0.491530137184452,1.12802529915592,0.778339110666997,1.63481579956248
2019-01-07,2019,2,85,0.191594778031446,0.187085110738801,-0.175092039016603,0.558281595079495,1.21117962092043,0.839379761526022,1.74766671937142
2019-01-14,2019,3,86,0.110908236511641,0.181084089248991,-0.244016578416381,0.465833051439662,1.11729237550432,0.7834746453863,1.59334097116133
2019-01-21,2019,4,87,0.0491431707514316,0.17041297921815,-0.284866268516143,0.383152610019007,1.05037072234096,0.752114829026347,1.46690187691064
2019-01-28,2019,5,88,0.154493325053166,0.141372984433163,-0.122597724435834,0.431584374542167,1.16706648792474,0.884619451782406,1.53969504569747
2019-02-04,2019,6,89,0.169592709846233,0.129077544694157,-0.0833992777543157,0.422584697446781,1.18482218662417,0.919983744833562,1.52590045400297
2019-02-11,2019,7,90,0.202836237697902,0.125530315280763,-0.0432031802523941,0.448875655648198,1.22487186398602,0.957716781160039,1.56654985346224
2019-02-18,2019,8,91,0.23470683867925,0.123405707318322,-0.00716834766466123,0.47658202502316,1.26453800075769,0.992857283658147,1.6105601295169
2019-02-25,2019,9,92,0.222050454928348,0.117896881917728,-0.00902743363039943,0.453128343487095,1.24863437603296,0.991013191310349,1.57322608687958
2019-03-04,2019,10,93,0.202036543655783,0.105987392121548,-0.00569874490245101,0.409771832214018,1.22389273280889,0.99431746214306,1.50647401705484
2019-03-11,2019,11,94,0.130942235651943,0.0988155735117878,-0.062736288431161,0.324620759735047,1.13990193371814,0.939191116597346,1.38350586534713
2019-03-18,2019,12,95,0.160218548543246,0.0913315571055556,-0.0187913033836435,0.339228400470135,1.17376736811066,0.981384152424511,1.40386395178458
2019-03-25,2019,13,96,0.382279040327056,0.0949627087989193,0.196152131081175,0.568405949572938,1.46562099544098,1.21671199096598,1.76545058997242
2019-04-01,2019,14,97,0.387818944499226,0.0949674742554832,0.201682694958479,0.573955194039973,1.47376292724609,1.22345973657185,1.77527473998521
2019-04-08,2019,15,98,0.248795839287285,0.0934264707367687,0.0656799566432182,0.431911721931351,1.28248017427366,1.06788489300382,1.54019914335384
2019-04-15,2019,16,99,0.264206670899309,0.0969202083324523,0.0742430625677029,0.454170279230916,1.30239733611697,1.07706856873442,1.57486614164007
2019-04-22,2019,17,100,0.200556914098388,0.119095208809982,-0.032869695169177,0.433983523365953,1.22208316402222,0.967664642751798,1.54339343797812
2019-04-29,2019,18,101,0.112256995338309,0.117944891243157,-0.118914991498278,0.343428982174897,1.11880035017622,0.887883275180848,1.40977339988692
2019-05-06,2019,19,102,0.164833625156935,0.111777846999022,-0.0542509549611492,0.383918205275018,1.1791969136886,0.9471943735457,1.46802536004044
2019-05-13,2019,20,103,0.0993308146909894,0.126041719176337,-0.147710954894632,0.346372584276611,1.10443160133087,0.862680432464806,1.41392932552464
2019-05-20,2019,21,104,-0.0119117623417728,0.116389257421179,-0.240034706887283,0.216211182203737,0.988158901842653,0.786600560135814,1.24136450541338
2019-05-27,2019,22,105,-0.0970511265102976,0.11574992485198,-0.323920979220179,0.129818726199584,0.907509607147899,0.72330739643615,1.13862196228548
2019-06-03,2019,23,106,-0.232188394628477,0.126479789055803,-0.480088781177851,0.0157119919208981,0.792796750587332,0.618728457926365,1.0158360742745
2019-06-10,2019,24,107,-0.226932250579345,0.115722872482349,-0.453749080644748,-0.000115420513942088,0.796974775040416,0.635242107790129,0.999884586146749
2019-06-17,2019,25,108,-0.155857184410222,0.129038186375182,-0.408772029705578,0.0970576608851343,0.855681386286915,0.664465693497017,1.1019239096972
2019-06-24,2019,26,109,0.0866022471277849,0.165893172269889,-0.238548370521197,0.411752864776767,1.09046285871312,0.787770582461893,1.50946134916167
2019-07-01,2019,27,110,0.398497726078526,0.17633635592498,0.052878468465566,0.744116983691487,1.48958525085502,1.05430150645323,2.10458223381399
2019-07-08,2019,28,111,0.64861542037389,0.180702984721419,0.294437570319909,1.00279327042787,1.912890445466,1.34237115695188,2.72588533909202
2019-07-15,2019,29,112,0.907453523167701,0.184965046849198,0.544922031343273,1.26998501499213,2.47800431162649,1.72447392221939,3.56079920335164
2019-07-22,2019,30,113,1.09180425853744,0.180159270648276,0.738692088066821,1.44491642900806,2.97964527601393,2.09319600733136,4.24149766184158
2019-07-29,2019,31,114,1.14530350032118,0.175915081557915,0.800509940467661,1.49009706017469,3.14339523354386,2.22667611128757,4.43752620517075
2019-08-05,2019,32,115,1.08451020554595,0.178128611813495,0.735378126391499,1.4336422847004,2.95799065645397,2.08627071739484,4.19394695554894
2019-08-12,2019,33,116,1.01500857646349,0.172636856523646,0.676640337677146,1.35337681524984,2.75938706305721,1.96725729702417,3.87047336171296
2019-08-19,2019,34,117,1.01202451540606,0.165011517170615,0.688601941751651,1.33544708906046,2.75116515701584,1.99093015031444,3.80169526288131
2019-08-26,2019,35,118,0.975159178719404,0.160446169592161,0.660684686318768,1.28963367112004,2.65158925397342,1.93611751385741,3.6314560048472
2019-09-02,2019,36,119,0.873422249737523,0.148329042066794,0.582697327286608,1.16414717218844,2.39509345202796,1.79086246401775,3.20318994853329
2019-09-09,2019,37,120,0.931816350681406,0.149319068600117,0.639150976225177,1.22448172513763,2.53911691845946,1.89487140528746,3.40240224619836
2019-09-16,2019,38,121,0.995088605569016,0.154019642508814,0.693210106251741,1.29696710488629,2.70496400553638,2.00012585534332,3.65818493456328
2019-09-23,2019,39,122,1.01292411764195,0.151822348125365,0.71535231531623,1.31049591996766,2.75364122491351,2.04490700741929,3.70801213357495
2019-09-30,2019,40,123,0.994325581987333,0.153561849377055,0.693344357208305,1.29530680676636,2.70290084143408,2.00039439217791,3.65211629626251
2019-10-07,2019,41,124,0.897165698333734,0.153832621587631,0.595653760021977,1.19867763664549,2.45264172395654,1.8142166196417,3.31572942335878
2019-10-14,2019,42,125,0.782539579304132,0.153341739151997,0.481989770566218,1.08308938804205,2.18701932793739,1.61929322076443,2.95379087582033
2019-10-21,2019,43,126,0.760148341401077,0.150674667357414,0.464825993380546,1.05547068942161,2.13859343891499,1.59173719198032,2.87332728041627
2019-10-28,2019,44,127,0.665837525835415,0.150250275218559,0.37134698640704,0.960328065263791,1.94611976455658,1.44968600746502,2.61255342087527
2019-11-04,2019,45,128,0.677083466094506,0.14867264023773,0.385685091228555,0.968481840960457,1.96812923781334,1.47062148628263,2.63394267856582
2019-11-11,2019,46,129,0.776141361857956,0.151674563147603,0.478859218088654,1.07342350562726,2.1730709726073,1.6142318649139,2.92537742230748
2019-11-18,2019,47,130,0.929330778451672,0.158271813605045,0.619118023785784,1.23954353311756,2.53281359688462,1.85728923433035,3.45403645161202
2019-11-25,2019,48,131,0.920361021122041,0.175609285658973,0.576166821230454,1.26455522101363,2.51019646031383,1.77920533076932,3.54151719332333
2019-12-02,2019,49,132,0.813440315528501,0.179569666140618,0.461483769892889,1.16539686116411,2.25565481756016,1.58642613087161,3.20719544198818
2019-12-09,2019,50,133,0.664205010135045,0.186355219683822,0.298948779554755,1.02946124071534,1.94294528538471,1.34844055397848,2.79955714092156
2019-12-16,2019,51,134,0.370471140301718,0.197048792119516,-0.0157444922525326,0.756686772855969,1.44841686149085,0.984378804336777,2.13120334916646
2019-12-23,2019,52,135,0.107083601628156,0.200703593016226,-0.286295440683647,0.500462643939959,1.11302730148442,0.751040695189857,1.64948421807758
2019-12-30,2020,1,136,0.00427942392650876,0.197944207842538,-0.383691223444866,0.392250071297884,1.00428859373692,0.681341777069111,1.48030784762486
2020-01-06,2020,2,137,-0.0304489762836426,0.18943597506171,-0.401743487404593,0.340845534837308,0.970009924315803,0.669152369688618,1.40613602505659
2020-01-13,2020,3,138,0.272041058391253,0.178412643109933,-0.0776477221042164,0.621729838886723,1.31264089512815,0.925290328466048,1.86214647073992
2020-01-20,2020,4,139,0.430262251998716,0.170068337441184,0.0969283106139954,0.763596193383437,1.53766072527429,1.10178138475873,2.14597971862524
2020-01-27,2020,5,140,0.424339972570118,0.138560248678655,0.152761885159953,0.695918059980282,1.52858118112911,1.16504753080534,2.00554944370974
2020-02-03,2020,6,141,0.341060714417294,0.130691125152928,0.0849061091175543,0.597215319717033,1.40643862937183,1.08861485089091,1.81705184030006
2020-02-10,2020,7,142,0.38356035617365,0.126606111663923,0.135412377312361,0.63170833503494,1.46750012246807,1.14500886268485,1.88082090857714
2020-02-17,2020,8,143,0.305486580801065,0.124945901274347,0.0605926143033437,0.550380547298785,1.35728527131084,1.06246599256159,1.73391272813898
2020-02-24,2020,9,144,0.230634886460783,0.123550277625746,-0.0115236576856804,0.472793430607246,1.25939933174777,0.988542485343874,1.6044699143659
2020-03-02,2020,10,145,0.144364236700439,0.110449745085136,-0.0721172636664268,0.360845737067305,1.15530483631959,0.930421784744146,1.43454214713005
2020-03-09,2020,11,146,0.027108720691346,0.103757212950089,-0.176255416690828,0.23047285807352,1.02747950497333,0.838403813659321,1.25919528983587
2020-03-16,2020,12,147,-0.20202722253087,0.101196595999761,-0.400372550690401,-0.00368189437133892,0.817072684853095,0.670070364352129,0.996324875490554
2020-03-23,2020,13,148,-0.342727731630792,0.135966852801926,-0.609222763122566,-0.076232700139018,0.709831449903948,0.543773345568218,0.926600561390575
2020-03-30,2020,14,149,-0.318608845808792,0.108471501545929,-0.531212988838813,-0.10600470277877,0.727159925337749,0.58789143126422,0.89942041829073
2020-04-06,2020,15,150,-0.160383776776143,0.103293496040908,-0.362839029016322,0.0420714754640358,0.851816818715879,0.695698411743911,1.04296902278158
2020-04-13,2020,16,151,-0.0272707010470584,0.103726093210907,-0.230573843740436,0.176032441646319,0.973097787277369,0.794077795162574,1.19247674393193
2020-04-20,2020,17,152,-0.0914438924441499,0.123668034136241,-0.333833239351182,0.150945454462882,0.912612519173449,0.716173201777485,1.16293322353449
2020-04-27,2020,18,153,-0.112128447866522,0.125573955052713,-0.358253399769838,0.133996504036795,0.893929426797943,0.698895952492569,1.14338882239241
2020-05-04,2020,19,154,-0.137938270831961,0.121668730125489,-0.376408981877921,0.100532440213998,0.87115246560301,0.686321582545595,1.10575951219746
2020-05-11,2020,20,155,-0.0987692374011522,0.13607985991862,-0.365485762841648,0.167947288039343,0.905951743682618,0.693859517830169,1.18287425738313
2020-05-18,2020,21,156,-0.0901277028732627,0.149046039030655,-0.382257939373347,0.202002533626822,0.913814481084793,0.682319033561228,1.22385110888943
2020-05-25,2020,22,157,-0.0628307002790928,0.134369932852739,-0.326195768670462,0.200534368112276,0.93910245001412,0.721663894420663,1.22205561126278
2020-06-01,2020,23,158,-0.0122395489132577,0.138059277559592,-0.282835732930059,0.258356635103544,0.987835049704227,0.753643576514333,1.29480050760519
2020-06-08,2020,24,159,0.100807613312376,0.132337765721312,-0.158574407501396,0.360189634126149,1.10606382933651,0.853359465082983,1.43360124850504
2020-06-15,2020,25,160,0.15713871584802,0.11946920343749,-0.07702092288946,0.391298354585501,1.17015792209177,0.925870481518097,1.47889968409947
2020-06-22,2020,26,161,0.320088210528791,0.176857458935745,-0.0265524089852698,0.666728830042851,1.3772492468622,0.973797006785162,1.94785512254196
2020-06-29,2020,27,162,0.388821464734949,0.198767612522368,-0.0007630558088913,0.77840598527879,1.47524114525124,0.999237235244158,2.17799773655393
2020-07-06,2020,28,163,0.478391985408797,0.205659603618749,0.0752991623160491,0.881484808501545,1.61347781920487,1.07820666144274,2.4144820897161
2020-07-13,2020,29,164,0.60333292735491,0.20635361012668,0.198879851506618,1.0077860032032,1.82820192165371,1.22003537168173,2.73952898736958
2020-07-20,2020,30,165,0.660771142607177,0.200682258540748,0.267433915867311,1.05410836934704,1.93628491062773,1.30660728097405,2.86941555409799
2020-07-27,2020,31,166,0.768892980994744,0.195198699957596,0.386303529077856,1.15148243291163,2.157376674394,1.47153125556062,3.16287819074976
2020-08-03,2020,32,167,0.960705905970844,0.204011407094028,0.56084354806655,1.36056826387514,2.61354073641929,1.75214989974,3.89840799690519
2020-08-10,2020,33,168,1.07009827043761,0.202125227693464,0.673932824158419,1.4662637167168,2.91566600967374,1.96193812541159,4.33301548599213
2020-08-17,2020,34,169,1.05390014385977,0.19131450520514,0.678923713657699,1.42887657406185,2.8688181308476,1.9717544174382,4.17400736881465
2020-08-24,2020,35,170,0.922149536634516,0.181178153068348,0.567040356620554,1.27725871664848,2.51469000280987,1.76304134848497,3.58679381834463
2020-08-31,2020,36,171,0.70104320030833,0.166619820603829,0.374468351924825,1.02761804869184,2.01585455104713,1.45421807682321,2.79440177215693
2020-09-07,2020,37,172,0.71206171960044,0.161668679320813,0.395191108131647,1.02893233106923,2.03818910419507,1.48466789591859,2.79807681965752
2020-09-14,2020,38,173,0.783618796315603,0.164420577232344,0.461354464940209,1.105883127691,2.18938087047975,1.58622101137759,3.02189200725547
2020-09-21,2020,39,174,0.823950576589353,0.163769632525286,0.502962096839793,1.14493905633891,2.2794873623001,1.65361218286743,3.14224985079373
2020-09-28,2020,40,175,0.931798912112447,0.165118880999473,0.60816590535348,1.25543191887141,2.53907264028006,1.83705896703073,3.50935380318193
2020-10-05,2020,41,176,0.968022761724434,0.167848995202641,0.639038731127257,1.29700679232161,2.63273376768739,1.89465872719729,3.65833012142229
2020-10-12,2020,42,177,0.99399756282392,0.168569499378472,0.663601344042116,1.32439378160573,2.70201438355682,1.9417727491413,3.75990534019832
2020-10-19,2020,43,178,0.905886658339711,0.163771545959079,0.584894428259915,1.22687888841951,2.47412465407021,1.7948014953207,3.41056814351734
2020-10-26,2020,44,179,0.905717164030452,0.165185215745154,0.58195414116995,1.22948018689095,2.47370533955767,1.78953201434474,3.41945159846538
2020-11-02,2020,45,180,0.864152996321155,0.161763694057366,0.547096155968718,1.18120983667359,2.3729952987773,1.72822722203197,3.25831384683224
2020-11-09,2020,46,181,0.796904769011138,0.162281555793111,0.478832919656641,1.11497661836564,2.21866301510008,1.61418941370515,3.04949687612814
2020-11-16,2020,47,182,0.929024430154026,0.168876753648754,0.598025993002468,1.26002286730558,2.53203779259019,1.81852547292183,3.5255021051776
2020-11-23,2020,48,183,0.956258687459385,0.18240054575549,0.598753617778625,1.31376375714015,2.60194355638653,1.81984915862686,3.72014913353021
2020-11-30,2020,49,184,0.99671151202068,0.192014465272495,0.620363160086589,1.37305986395477,2.70935747320169,1.85960325291242,3.94741077490446
2020-12-07,2020,50,185,1.06161699397047,0.201311539684319,0.667046376189204,1.45618761175174,2.89104200924195,1.94847375464669,4.28957479117662
2020-12-14,2020,51,186,1.00090902412686,0.219455216389082,0.570776800004255,1.43104124824946,2.72075393565702,1.76964117492728,4.18305252119676
2020-12-21,2020,52,187,0.906064402018666,0.22449495318481,0.46605429377644,1.34607451026089,2.47456445317302,1.59369352463951,3.8423129279468
2021-01-04,2021,1,188,0.694052516477445,0.219101666249724,0.264613250627986,1.1234917823269,2.00181149171553,1.30292697213485,3.07557471298522
2021-01-11,2021,2,189,0.494849580809271,0.211734104375252,0.0798507362337764,0.909848425384765,1.6402514951975,1.08312538423438,2.48394600168974
2021-01-18,2021,3,190,0.29721447537967,0.19418327221859,-0.0833847381687666,0.677813688928106,1.34610397465117,0.919997121113166,1.96956693557825
2021-02-01,2021,5,191,0.0685847389443445,0.154823930689541,-0.234870165207155,0.372039643095844,1.07099137578445,0.79067349989487,1.45069049001538
2021-02-08,2021,6,192,0.0489698281820308,0.142138891846771,-0.22962239983764,0.327562056201702,1.0501886641608,0.794833675170818,1.38758115664239
2021-02-15,2021,7,193,0.149184198486207,0.135077462747576,-0.115567628499042,0.413936025471455,1.16088680310817,0.89086032265333,1.51276034565875
2021-03-29,2021,13,194,0.423648278612888,0.101298356698742,0.225103499483354,0.622193057742421,1.52752423634629,1.25245233765374,1.86300925191007
2021-04-05,2021,14,195,0.315290559665948,0.0991257677850632,0.121004054807225,0.509577064524672,1.37065751089227,1.12862948873307,1.66458703314079
2021-04-12,2021,15,196,0.0871106138069585,0.105672399317061,-0.120007288854482,0.294228516468399,1.09101735462705,0.886913972106717,1.34209055842249
2021-04-19,2021,16,197,0.180605500265754,0.116296918702219,-0.0473364603905963,0.408547460922104,1.19794249806589,0.953766438969874,1.50463066222199
2021-04-26,2021,17,198,0.238055294515548,0.124932976225554,-0.0068133388865376,0.482923927917634,1.26877934742466,0.993209819282188,1.62080660218884
2021-05-03,2021,18,199,0.0447210873033561,0.128582418585606,-0.207300453124432,0.296742627731144,1.04573615014022,0.81277541238632,1.34546896848092
2021-05-10,2021,19,200,-0.0101469152272229,0.133250287199582,-0.271317478138403,0.251023647683958,0.989904391037017,0.762374420768366,1.28534047929724
2021-05-17,2021,20,201,-0.0326711810289572,0.152337918618454,-0.331253501521128,0.265911139463213,0.967856756934435,0.718023126012804,1.30461912438032
2021-05-24,2021,21,202,0.0898118501745457,0.118339408864011,-0.142133391198917,0.321757091548008,1.09396843437058,0.867505531164847,1.37954963098881
2021-05-31,2021,22,203,0.432419423982443,0.130942729953537,0.17577167327351,0.689067174691376,1.54098130415353,1.19216582425257,1.99185661209462
2021-06-07,2021,23,204,0.532454172181649,0.130469678552827,0.276733602218108,0.788174742145191,1.70310690151847,1.31881499484477,2.19937832777011
2021-06-14,2021,24,205,0.46026516036129,0.127783207830526,0.209810073013459,0.710720247709122,1.58449407431771,1.23344377344982,2.03545676389121
2021-06-21,2021,25,206,0.441505925533845,0.17784980017038,0.0929203171998996,0.79009153386779,1.55504724146621,1.097374289928,2.20359812088391
2021-06-28,2021,26,207,0.366655364789719,0.201066372112216,-0.0274347245502238,0.760745454129662,1.44290055907862,0.972938189458632,2.13987080160544
2021-07-05,2021,27,208,0.307008372077963,0.206952964333159,-0.0986194380150286,0.712636182170954,1.35935234862818,0.9060874648629,2.03936030392006
2021-07-12,2021,28,209,0.165595431375109,0.205503484170686,-0.237191397599436,0.568382260349653,1.18009557548951,0.788840291429761,1.76540876831456
2021-07-19,2021,29,210,0.0680894287854248,0.198914044701126,-0.321782098828783,0.457960956399632,1.07046103422853,0.724856120120273,1.58084727988704
2021-07-26,2021,30,211,0.0138694099472672,0.186746413606944,-0.352153560722343,0.379892380616878,1.01396603641398,0.703172134064364,1.4621272277365
2021-08-02,2021,31,212,-0.0268282867113777,0.191021037995123,-0.401229521181819,0.347572947759063,0.973528394934957,0.669496379801744,1.4156275737074
2021-08-09,2021,32,213,-0.0782443767366113,0.187516353621979,-0.44577642983569,0.289287676362467,0.924738414372682,0.640326914053299,1.33547585811038
2021-08-16,2021,33,214,-0.113841294954837,0.176959392770373,-0.460681704784769,0.232999114875095,0.892399572958969,0.630853443077425,1.26238036196247
2021-08-23,2021,34,215,-0.0367054226181948,0.163333365710535,-0.356838819410844,0.283427974174455,0.963960054357919,0.699885296568318,1.32767325010809
2021-08-30,2021,35,216,0.124485519908932,0.164927261752084,-0.198771913125152,0.447742952943016,1.13256562068818,0.819736843226476,1.56477642277989
2021-09-06,2021,36,217,0.197908539920754,0.159032147850059,-0.113794469865362,0.50961154970687,1.21885091252263,0.892441360627168,1.66464443771771
2021-09-13,2021,37,218,0.268620760097276,0.160130105770438,-0.0452342472127831,0.582475767407336,1.30815894089347,0.955773568314136,1.79046572469881
2021-09-20,2021,38,219,0.367379156549662,0.162825281599309,0.0482416046150156,0.686516708484308,1.44394529665431,1.04942417042071,1.98678292200402
2021-09-27,2021,39,220,0.325203181263301,0.161920009291327,0.00783996305229961,0.642566399474302,1.38431188364599,1.00787077603421,1.90135425767964
2021-10-04,2021,40,221,0.50878764070879,0.166871913296653,0.181718690647349,0.83585659077023,1.66327348703373,1.19927677864881,2.30678917654542
2021-10-11,2021,41,222,0.500056330171044,0.16826943689321,0.170248233860353,0.829864426481736,1.64881414606713,1.1855991206416,2.29300784804892
2021-10-18,2021,42,223,0.532552354141035,0.166095087290965,0.207005983050744,0.858098725231325,1.70327412410009,1.22998993085091,2.35867194442958
2021-10-25,2021,43,224,0.642764343029265,0.171337501680451,0.306942839735582,0.978585846322948,1.9017306557522,1.35926327000345,2.66069095431271
2021-11-01,2021,44,225,0.561346334554579,0.168302095345079,0.231474227678225,0.891218441430934,1.75303107853843,1.26045684125971,2.43809852247723
2021-11-08,2021,45,226,0.574904891290983,0.170457638388607,0.240807920049313,0.909001862532653,1.77696151436128,1.27227663300366,2.48184407511007
2021-11-15,2021,46,227,0.329465036396783,0.170514108624911,-0.00474261650804231,0.663672689301607,1.39022421014417,0.995268611939875,1.94191129036403
2021-11-22,2021,47,228,0.113063962561255,0.178354991542178,-0.236511820861414,0.462639745983924,1.11970354976505,0.789376551136003,1.58826106191296
2021-11-29,2021,48,229,0.0751555053243483,0.189599426424311,-0.296459370467301,0.446770381115997,1.07805178064245,0.74344583250725,1.5632553051335
2021-12-06,2021,49,230,0.0760471196183656,0.198750341098399,-0.313503548934497,0.465597788171228,1.07901341565982,0.730881785147421,1.59296616064803
2021-12-13,2021,50,231,0.222369421967252,0.219254998509908,-0.207370375112168,0.652109219046672,1.24903271276733,0.812718583500721,1.91958538814625
2021-12-20,2021,51,232,0.308333107189489,0.231556352781563,-0.145517344262375,0.762183558641353,1.36115432371966,0.864574894530098,2.14295037330189
2021-12-27,2021,52,233,0.359097120001578,0.232813784135279,-0.0972178969035684,0.815412136906725,1.43203587414454,0.90735827403311,2.26010695391762
2022-01-03,2022,1,234,0.350577734717185,0.226630936306268,-0.0936189004431006,0.79477436987747,1.41988763005406,0.910629736709819,2.21394140857383
2022-01-10,2022,2,235,0.173092741599941,0.215896021252052,-0.250063460054081,0.596248943253963,1.18897636754161,0.778751361899745,1.8152967323535
2022-01-17,2022,3,236,-0.0196104605549875,0.196697402640157,-0.405137369729696,0.365916448619721,0.980580573731768,0.666885194727039,1.44183477033658
2022-01-24,2022,4,237,-0.227082186191907,0.155581600656161,-0.532022123477982,0.0778577510941688,0.796855289097147,0.587415940337145,1.08096888109242
2022-01-31,2022,5,238,-0.269314507421275,0.141805987383289,-0.547254242692521,0.0086252278499705,0.763902964712002,0.578536151395462,1.00866253230371
2022-02-07,2022,6,239,-0.154689427015862,0.134258832518248,-0.417836738751628,0.108457884719903,0.856681198208232,0.658469722238669,1.11455796762889
2022-02-14,2022,7,240,-0.0641431497219947,0.133248447640231,-0.325310107096847,0.197023807652857,0.937870733986084,0.722303327519883,1.21777303267841
2022-02-21,2022,8,241,-0.00834794553493917,0.132674904164733,-0.268390757697816,0.251694866627938,0.991686801805527,0.764608945889161,1.28620351378656
2022-02-28,2022,9,242,0.156138332118449,0.117484450032713,-0.0741311899456673,0.386407854182566,1.16898790047835,0.928549869443472,1.47168478122109
2022-03-07,2022,10,243,0.201021635718329,0.103890852525704,-0.00260443523205153,0.404647706668709,1.22265122447467,0.997398953366953,1.49877439881314
2022-03-14,2022,11,244,0.162258464622596,0.099910799018554,-0.0335667014537703,0.358083630698961,1.17616419887394,0.966990409414155,1.43058525632212
2022-03-21,2022,12,245,0.313355646790035,0.13912818866319,0.0406643970101829,0.586046896569887,1.36800797216591,1.04150251552892,1.79687113953736
2022-03-28,2022,13,246,0.348751557059194,0.100456436963289,0.151856940611147,0.545646173507241,1.4172970291559,1.16399370429244,1.72572313874772
2022-04-04,2022,14,247,0.275782349531433,0.0986851769275521,0.0823594027534311,0.469205296309435,1.3175610650343,1.08584599574908,1.59872317703465
2022-04-11,2022,15,248,0.296091702323582,0.0979793076842603,0.104052259262432,0.488131145384732,1.34459345352263,1.10965844333215,1.62926850700738
2022-04-18,2022,16,249,0.317222387931795,0.09677012819199,0.127552936675495,0.506891839188096,1.37330794508217,1.13604500509521,1.66012323769494
2022-04-25,2022,17,250,0.480608279066172,0.129370223471637,0.227042641061763,0.734173917070581,1.61705772545828,1.254883376359,2.08375992281553
2022-05-02,2022,18,251,0.646785226858667,0.115666509714685,0.420078867817884,0.873491585899449,1.90939268754066,1.52208159413896,2.39525952437272
2022-05-09,2022,19,252,0.624939436370966,0.114054808706618,0.401392011305994,0.848486861435938,1.86813281310336,1.49390278050881,2.33610931911168
2022-05-16,2022,20,253,0.397324301413444,0.141581202299741,0.119825144905952,0.674823457920937,1.48783835990383,1.12729972024656,1.96368627210973
2022-05-23,2022,21,254,0.302075617415021,0.108997730145223,0.0884400663303834,0.515711168499659,1.35266350776017,1.09246877498572,1.67482916411041
2022-05-30,2022,22,255,0.227721038280837,0.122598914446028,-0.0125728340333778,0.468014910595052,1.25573497458006,0.987505873838783,1.59682121206401
2022-06-06,2022,23,256,0.0390976676707771,0.128357108960741,-0.212482265892276,0.29067760123383,1.03987204057077,0.80857465554435,1.33733335981554
2022-06-13,2022,24,257,0.0258871998895173,0.115979184098292,-0.201432000943136,0.25320640072217,1.02622518363033,0.817559168922415,1.28814912430765
2022-06-20,2022,25,258,0.012405214005451,0.160283468082226,-0.301750383435711,0.326560811446613,1.0124824778336,0.739522638952551,1.38619254357383
2022-06-27,2022,26,259,0.111561167562244,0.179935075454216,-0.24111158032802,0.464233915452508,1.11802212860219,0.78575394681365,1.59079503846338
2022-07-04,2022,27,260,0.218394399490428,0.183470149709062,-0.141207093939334,0.577995892920191,1.24407763445813,0.868309471447395,1.78246260285404
2022-07-11,2022,28,261,0.29505463766039,0.183583787450021,-0.0647695857416512,0.654878861062431,1.34319974597296,0.937283401958709,1.92490932178196
2022-07-18,2022,29,262,0.458675113310536,0.181396454192932,0.103138063092389,0.814212163528683,1.58197665612498,1.10864446139303,2.25739651229553
2022-07-25,2022,30,263,0.501559814926671,0.169091144170297,0.170141172352888,0.832978457500453,1.65129497747939,1.18547219540702,2.30015947502881
2022-08-01,2022,31,264,0.454424760387464,0.17194039989294,0.117421576597303,0.791427944177626,1.57526696639622,1.1245934320418,2.20654500081316
2022-08-08,2022,32,265,0.456103388566765,0.172611786421111,0.117784287181387,0.794422489952143,1.57791347454607,1.12500140796651,2.21316250408476
2022-08-15,2022,33,266,0.501941270086679,0.16678840810086,0.175035990208995,0.828846549964364,1.65192499262287,1.19128909058417,2.29067503666461
2022-08-22,2022,34,267,0.642498463119223,0.156876478167345,0.335020565911228,0.949976360327218,1.90122509098926,1.39796913543597,2.58564853470808
2022-08-29,2022,35,268,0.737707391206715,0.156517899303355,0.430932308572139,1.04448247384129,2.09113585827298,1.5386913902143,2.84192737124891
2022-09-05,2022,36,269,0.776970715021298,0.151315475852298,0.480392382350793,1.0735490476918,2.17487396344733,1.61670864569072,2.92574470328277
2022-09-12,2022,37,270,0.723125529745824,0.151813030770132,0.425571989436365,1.02067907005528,2.06086444803091,1.53046557949262,2.7750785970409
2022-09-19,2022,38,271,0.591503796306563,0.148527280210647,0.300390327093695,0.882617265519431,1.80670328730957,1.35038579688367,2.41721793572478
2022-09-26,2022,39,272,0.506337673263335,0.145909012142418,0.220356009464195,0.792319337062475,1.65920350883044,1.24652042467154,2.20851277622719
2022-10-03,2022,40,273,0.37284568428749,0.144983593610752,0.0886778408104153,0.657013527764564,1.45186027769185,1.09272856706538,1.92902275045339
2022-10-10,2022,41,274,0.296287129773639,0.145083851959169,0.0119227799336669,0.580651479613611,1.34485624967057,1.01199413959418,1.78720237747945
2022-10-17,2022,42,275,0.262404962186828,0.141600101684505,-0.0151312371148022,0.539941161488458,1.30005290811175,0.984982664837361,1.71590589786562
2022-10-24,2022,43,276,0.245856330900019,0.14534378347546,-0.0390174847118826,0.53073014651192,1.27871584838917,0.961733893359325,1.70017323109015
2022-10-31,2022,44,277,0.373273428394405,0.143699765335877,0.0916218883360864,0.654924968452724,1.45248143520846,1.09595035211659,1.92499807637344
2022-11-07,2022,45,278,0.467118569279031,0.144859695682308,0.183193565741707,0.751043572816355,1.59539055651096,1.20104686710971,2.11921041343665
2022-11-14,2022,46,279,0.510656538515856,0.149791059986727,0.21706606094187,0.804247016089841,1.66638488173995,1.24242617527016,2.23501293627177
2022-11-21,2022,47,280,0.592769401752487,0.158118517535999,0.282857107381929,0.902681696123046,1.80899130838973,1.3269155418341,2.46620787130604
2022-11-28,2022,48,281,0.686619150992813,0.171499010272262,0.350481090859181,1.02275721112645,1.98698646345588,1.41975041326625,2.78085159832701
2022-12-05,2022,49,282,0.768429424528432,0.179911893905554,0.415802112473546,1.12105673658332,2.15637684024401,1.51558592364428,3.0680946587045
2022-12-12,2022,50,283,0.776378786557941,0.193323452574455,0.39746481951201,1.15529275360387,2.1735869745844,1.48804744281076,3.17495276034945
2022-12-19,2022,51,284,0.787973956924636,0.200404958534086,0.395180238197828,1.18076767565144,2.19893676943817,1.48465175776453,3.25687346591486
2022-12-26,2022,52,285,0.855816429235671,0.197958941445482,0.467816904002527,1.24381595446882,2.35329489523869,1.59650506223784,3.46882511991149
2023-01-02,2023,1,286,0.810477732644907,0.194410879799677,0.429432408237539,1.19152305705227,2.24898214226362,1.53638523641605,3.29209143405944
2023-01-09,2023,2,287,0.732523988390877,0.190215753767586,0.35970111100641,1.10534686577535,2.080324702271,1.43290107219074,3.02027191609419
2023-01-16,2023,3,288,0.605047775835933,0.175207660857013,0.261640760556187,0.948454791115679,1.83133970058083,1.2990597850809,2.58171728309997
2023-01-23,2023,4,289,0.380096630311501,0.154870738284609,0.0765499832736685,0.683643277349334,1.46242589727681,1.07955614873907,1.98108223228952
2023-01-30,2023,5,290,0.333985061909677,0.132255399990959,0.0747644779273974,0.593205645891957,1.3965222820427,1.07763031526851,1.80978064240501
2023-02-06,2023,6,291,0.459634875002224,0.121241407660357,0.222001715987925,0.697268034016523,1.5834957055628,1.24857352039953,2.00825871169642
2023-02-13,2023,7,292,0.4407583849492,0.120109746543273,0.205343281724386,0.676173488174014,1.55388521492729,1.2279465242197,1.96633909827951
2023-02-20,2023,8,293,0.510529040496014,0.11696943855708,0.281268940924137,0.73978914006789,1.66617243451082,1.32480985161412,2.09549361226545
2023-02-27,2023,9,294,0.514384296242724,0.110875367003789,0.297068576915298,0.73170001557015,1.6726083534493,1.34590759447451,2.0786112772628
2023-03-06,2023,10,295,0.355152750039429,0.0996408492538948,0.159856685501795,0.550448814577063,1.42639852007173,1.17334270192102,1.73403110168217
2023-03-13,2023,11,296,0.385533153347298,0.0933402295209022,0.202586303486329,0.568480003208266,1.47039806014375,1.22456576485633,1.76558133284753
2023-03-20,2023,12,297,0.410146279173191,0.0928012768133092,0.228255776619105,0.592036781727277,1.50703821729453,1.2564066437813,1.80766649048509
2023-03-27,2023,13,298,0.444852794242926,0.0941837555543235,0.260252633356452,0.6294529551294,1.5602604995987,1.29725777585752,1.87658372292183
2023-04-03,2023,14,299,0.248164023348525,0.0951478410772486,0.0616742548371174,0.434653791859932,1.28167013878202,1.0636158205831,1.54442827274324
2023-04-10,2023,15,300,0.260840056703004,0.094573374642671,0.075476242403369,0.446203871002639,1.29802003922528,1.07839760727835,1.56236995599668
2023-04-17,2023,16,301,0.158456745959107,0.0954560239560146,-0.0286370609946814,0.345550552912896,1.17170124231566,0.971769093379491,1.41276750886327
2023-04-24,2023,17,302,0.181145090324195,0.124647569684598,-0.0631641462576157,0.425454326906007,1.19858907035473,0.938789362280566,1.53028551163374
2023-05-01,2023,18,303,0.0858951271505268,0.115778752201535,-0.141031227164482,0.312821481465536,1.08969204320291,0.868462191662524,1.36727742487742
2023-05-08,2023,19,304,-0.0823259819822827,0.111116492455409,-0.300114307194884,0.135462343230319,0.920971689580851,0.740733544668623,1.14506607553308
2023-05-15,2023,20,305,-0.109741858873257,0.140210885944571,-0.384555195324616,0.165071477578102,0.896065416779936,0.680753371152908,1.179477421888
2023-05-22,2023,21,306,-0.0852118415261186,0.110314282835398,-0.301427835883499,0.131004152831262,0.918317725965877,0.739761208642517,1.13997251541566
2023-05-29,2023,22,307,0.0140078125756424,0.119190634040563,-0.21960583014386,0.247621455295145,1.01410638169036,0.802835189033436,1.28097493412472
2023-06-05,2023,23,308,0.0900794229575525,0.123546536736633,-0.152071789046248,0.332230634961353,1.09426118971402,0.858926617005128,1.39407433371831
2023-06-12,2023,24,309,0.195987834377615,0.114000517896799,-0.0274531807001104,0.419428849455341,1.21651210561739,0.972920232931281,1.52109253464172
2023-06-19,2023,25,310,0.194188450733028,0.149093263344322,-0.0980343454218443,0.4864112468879,1.21432510185059,0.906617765049596,1.62646873889988
2023-06-26,2023,26,311,0.323995381300462,0.171737917035747,-0.0126109360896016,0.660601698690526,1.38264092110175,0.987468248551262,1.93595684672372
2023-07-03,2023,27,312,0.421939313045112,0.175174216612661,0.0785978484842954,0.765280777605928,1.52491597936791,1.08176919946036,2.14959784886795
2023-07-10,2023,28,313,0.511174567265763,0.174561676863462,0.169033680613377,0.853315453918149,1.66724834064606,1.18416002148819,2.34741671644483
2023-07-17,2023,29,314,0.56676640063887,0.170265116156901,0.233046772971344,0.900486028306396,1.76255841891534,1.2624405260409,2.46079883844659
2023-07-24,2023,30,315,0.643350300263726,0.159872529944337,0.330000141572826,0.956700458954627,1.90284531512741,1.39096832538708,2.60309327481969
2023-07-31,2023,31,316,0.621783171743788,0.164916151577362,0.298547514652159,0.945018828835418,1.86224578697987,1.34789958065499,2.57286182212406
2023-08-07,2023,32,317,0.534645942888605,0.165307480346564,0.210643281409339,0.85864860436787,1.70684381506889,1.23447191742732,2.3599692855795
2023-08-14,2023,33,318,0.459072448647231,0.156239518222548,0.152842992931037,0.765301904363425,1.5826053562464,1.16514202904599,2.14964326338014
2023-08-21,2023,34,319,0.364831009201068,0.146060235417674,0.0785529477824258,0.65110907061971,1.44027059510397,1.08172062835449,1.91766647759752
2023-08-28,2023,35,320,0.430768712803128,0.146219707470678,0.1441780861606,0.717359339445657,1.53843968740237,1.15508979571622,2.04901530647422
2023-09-04,2023,36,321,0.510805801975376,0.140719846043589,0.234994903729941,0.786616700220811,1.66663363067639,1.26490232243263,2.19595427223157
2023-09-11,2023,37,322,0.421583721795724,0.142021839218413,0.143220916927635,0.699946526663813,1.52437382898728,1.15398470826467,2.01364502827396
2023-09-18,2023,38,323,0.371992937720505,0.140295146353851,0.0970144508669558,0.646971424574053,1.45062273655378,1.10187629657372,1.90974824519784
2023-09-25,2023,39,324,0.343591398768721,0.137545980108509,0.0740012777560438,0.613181519781398,1.41000238907591,1.0768081813935,1.8462960920551
2023-10-02,2023,40,325,0.343405215186708,0.138794145347196,0.0713686903062047,0.615441740067211,1.40973989421734,1.07397711783554,1.85047384748122
2023-10-09,2023,41,326,0.310723599726769,0.138352614132601,0.0395524760268711,0.581894723426668,1.3644120452007,1.0403450906295,1.7894256875498
2023-10-16,2023,42,327,0.158261867005366,0.13576119625203,-0.107830077648612,0.424353811659345,1.17147292465134,0.897780136381897,1.52860233544685
2023-10-23,2023,43,328,0.115000434914102,0.134392766435486,-0.14840938729945,0.378410257127654,1.12187392549062,0.862078118857925,1.4599617797551
2023-10-30,2023,44,329,0.142627204744536,0.137058265166956,-0.126006994982697,0.41126140447177,1.15329977683045,0.881608679924386,1.50871969108931
2023-11-06,2023,45,330,0.0356730487638788,0.135059533709329,-0.229043637306407,0.300389734834164,1.0363169659822,0.79529382826741,1.35038499710505
2023-11-13,2023,46,331,-0.0153507220736668,0.141247787063386,-0.292196384717904,0.26149494057057,0.984766499681055,0.746621896444433,1.29887037001232
2023-11-20,2023,47,332,-0.279930024743593,0.142992724125977,-0.560195764030508,0.000335714543322319,0.755836629467227,0.57109725260488,1.00033577090176
2023-11-27,2023,48,333,-0.65208796112869,0.153913530755724,-0.953758481409908,-0.350417440847472,0.520956902630758,0.385290192675546,0.704393985515163
2023-12-04,2023,49,334,-0.858351534757808,0.159747330122839,-1.17145630179857,-0.545246767717042,0.423860225576615,0.309915282286418,0.579698714759805
2023-12-11,2023,50,335,-1.06490677511542,0.178210552795934,-1.41419945859545,-0.715614091635394,0.344759993479732,0.243120163322758,0.488891795232759
2023-12-18,2023,51,336,-1.02145866361201,0.202808990760815,-1.41896428550321,-0.623953041720816,0.360069336887559,0.241964493297042,0.535822118361327
2023-12-25,2023,52,337,-1.05358331917385,0.22694424829731,-1.49839404583658,-0.608772592511121,0.348686054415245,0.223488784848444,0.544018191454756
