climate_lag_weeks,model,case_lag_weeks,validation_years,primary_selection_metric,validation_policy,common_row_filter,n_available_rows_before_common_filter,n_model_rows,dic,waic,lpml,cv_folds,cv_train_rows_min,cv_train_rows_max,cv_test_rows_total,cv_test_cases_total,cv_mae,cv_rmse,cv_wape,cv_accuracy_pct,cv_r2,error,waic_rank,dic_rank,cv_rmse_rank,cv_wape_rank,best_by_waic,best_by_dic,best_by_cv_rmse,best_by_cv_wape
12,s2_climate_lag_sensitivity,4,"2020,2021,2022,2023",cv_wape,rolling_origin_one_step_ahead,TRUE,30302,26142,79256.6948832158,79408.1384310074,-39678.088057025,4,9378,21735,16764,134772,4.48289547127599,28.502857091608,0.557617752058816,44.2382247941184,0.145830619449605,,4,4,3,1,FALSE,FALSE,FALSE,TRUE
11,s2_climate_lag_sensitivity,4,"2020,2021,2022,2023",cv_wape,rolling_origin_one_step_ahead,TRUE,30394,26142,79220.1440334379,79368.8398884505,-39659.6240183867,4,9378,21735,16764,134772,4.49038123583309,28.6519840541787,0.558548890255438,44.1451109744562,0.186960440832239,,1,1,5,2,TRUE,TRUE,FALSE,FALSE
13,s2_climate_lag_sensitivity,4,"2020,2021,2022,2023",cv_wape,rolling_origin_one_step_ahead,TRUE,30210,26142,79262.02992934,79409.9722047888,-39682.3091793525,4,9378,21735,16764,134772,4.50970024079152,28.431457090815,0.560951939843803,43.9048060156197,0.11015146160985,,6,6,2,3,FALSE,FALSE,FALSE,FALSE
14,s2_climate_lag_sensitivity,4,"2020,2021,2022,2023",cv_wape,rolling_origin_one_step_ahead,TRUE,30118,26142,79268.5770683027,79416.4599185521,-39685.6163261427,4,9378,21735,16764,134772,4.51253854255222,28.3294718722207,0.561304990111784,43.8695009888216,0.103146850830895,,7,8,1,4,FALSE,FALSE,TRUE,FALSE
10,s2_climate_lag_sensitivity,4,"2020,2021,2022,2023",cv_wape,rolling_origin_one_step_ahead,TRUE,30486,26142,79232.6827205218,79379.0272115838,-39666.3911131172,4,9378,21735,16764,134772,4.53343405296986,29.8297005728171,0.563904137832686,43.6095862167314,0.215023785411526,,2,2,7,5,FALSE,FALSE,FALSE,FALSE
15,s2_climate_lag_sensitivity,4,"2020,2021,2022,2023",cv_wape,rolling_origin_one_step_ahead,TRUE,30026,26142,79285.0849418819,79434.0346387806,-39693.6009136827,4,9378,21735,16764,134772,4.53878818771471,28.6355172689453,0.564570127169215,43.5429872830785,0.0515722021862302,,12,13,4,6,FALSE,FALSE,FALSE,FALSE
8,s2_climate_lag_sensitivity,4,"2020,2021,2022,2023",cv_wape,rolling_origin_one_step_ahead,TRUE,30761,26142,79260.8334177283,79409.9327158641,-39680.5220840038,4,9378,21735,16764,134772,4.54849446167208,30.1035910642944,0.565777469767242,43.4222530232758,0.247897454747471,,5,5,9,7,FALSE,FALSE,FALSE,FALSE
16,s2_climate_lag_sensitivity,4,"2020,2021,2022,2023",cv_wape,rolling_origin_one_step_ahead,TRUE,29934,26142,79290.6834055899,79437.9258283256,-39696.8948564306,4,9378,21735,16764,134772,4.55183839087051,29.2122784518038,0.566193413947654,43.3806586052346,0.0124550686236888,,13,14,6,8,FALSE,FALSE,FALSE,FALSE
9,s2_climate_lag_sensitivity,4,"2020,2021,2022,2023",cv_wape,rolling_origin_one_step_ahead,TRUE,30578,26142,79235.6628876688,79392.7143434104,-39667.0933361391,4,9378,21735,16764,134772,4.5706447161251,30.5686390962805,0.568532692407334,43.1467307592667,0.21605569092185,,3,3,11,9,FALSE,FALSE,FALSE,FALSE
17,s2_climate_lag_sensitivity,4,"2020,2021,2022,2023",cv_wape,rolling_origin_one_step_ahead,TRUE,29842,26142,79297.0923516649,79445.4410764947,-39699.7456873058,4,9378,21735,16764,134772,4.57162850942219,29.8790124994485,0.568655064345365,43.1344935654635,-0.0315764280790132,,15,16,8,10,FALSE,FALSE,FALSE,FALSE
18,s2_climate_lag_sensitivity,4,"2020,2021,2022,2023",cv_wape,rolling_origin_one_step_ahead,TRUE,29750,26142,79298.4006902262,79447.586671019,-39700.2693096131,4,9378,21735,16764,134772,4.57626829710196,30.2449784905649,0.569232197582712,43.0767802417288,-0.0664631580037841,,16,17,10,11,FALSE,FALSE,FALSE,FALSE
19,s2_climate_lag_sensitivity,4,"2020,2021,2022,2023",cv_wape,rolling_origin_one_step_ahead,TRUE,29658,26142,79295.5535198014,79449.3739053249,-39698.5761592875,4,9378,21735,16764,134772,4.58197403659594,30.6518897167168,0.569941922279808,43.0058077720192,-0.0546156539058279,,17,15,12,12,FALSE,FALSE,FALSE,FALSE
5,s2_climate_lag_sensitivity,4,"2020,2021,2022,2023",cv_wape,rolling_origin_one_step_ahead,TRUE,31037,26142,79279.6742919189,79429.9683411988,-39689.6034980608,4,9378,21735,16764,134772,4.59110557748021,32.2065931814272,0.57107777506365,42.892222493635,0.198576264812725,,11,10,14,13,FALSE,FALSE,FALSE,FALSE
20,s2_climate_lag_sensitivity,4,"2020,2021,2022,2023",cv_wape,rolling_origin_one_step_ahead,TRUE,29566,26142,79285.0174604973,79438.8060944811,-39693.4196967551,4,9378,21735,16764,134772,4.59275544643688,31.5200969257086,0.571282998724273,42.8717001275727,-0.100078833781411,,14,12,13,14,FALSE,FALSE,FALSE,FALSE
7,s2_climate_lag_sensitivity,4,"2020,2021,2022,2023",cv_wape,rolling_origin_one_step_ahead,TRUE,30853,26142,79280.4855576844,79425.5468243349,-39690.5543422191,4,9378,21735,16764,134772,4.6453998617478,33.1310722057797,0.577831324624848,42.2168675375152,0.216399819051555,,10,11,16,15,FALSE,FALSE,FALSE,FALSE
6,s2_climate_lag_sensitivity,4,"2020,2021,2022,2023",cv_wape,rolling_origin_one_step_ahead,TRUE,30945,26142,79269.8967310833,79417.5813835225,-39684.9038730933,4,9378,21735,16764,134772,4.65227059263012,32.6910793433665,0.578685960101885,42.1314039898115,0.192908103057226,,9,9,15,16,FALSE,FALSE,FALSE,FALSE
4,s2_climate_lag_sensitivity,4,"2020,2021,2022,2023",cv_wape,rolling_origin_one_step_ahead,TRUE,31220,26142,79266.7250176991,79417.4195040431,-39683.0984186537,4,9378,21735,16764,134772,4.70307942245623,34.8544522805911,0.585005961461255,41.4994038538745,0.139701560162375,,8,7,17,17,FALSE,FALSE,FALSE,FALSE
