municipio,ibge_code,n_observations,observed_cases,fitted_cases,pearson_residual,mean_pearson_residual,mean_deviance_residual,median_deviance_residual
angra dos reis,3300100,344,6185,10307.4238214414,-2.78939729073955,0.0333070925641471,-0.297246515044841,-0.387719311569667
aperibe,3300159,341,499,367.089673799305,2.44174771278116,-0.0680267337260642,-0.47423360337047,-0.705826050161531
araruama,3300209,316,606,606.259096671756,-0.00392020081640962,-0.000993004138690656,-0.349168156229762,-0.643946494730977
areal,3300225,344,65,62.6640687657489,0.253065262124403,-0.0494221405291847,-0.31970316504903,-0.445450285837264
armacao dos buzios,3300233,344,987,943.708545515315,0.304713360527125,-0.0457197898852281,-0.467740144254378,-0.810411048937215
arraial do cabo,3300258,316,264,263.995460433823,0.000164319755354737,-0.0230989935234298,-0.324723118790246,-0.59540451908927
barra do pirai,3300308,341,1267,1344.89332758262,-0.496880436787135,-0.00230138120780499,-0.399474519501765,-0.681122217967577
barra mansa,3300407,332,1371,1417.96560639003,-0.263402101826579,-0.0203906536788794,-0.497043012847231,-0.836507531149603
belford roxo,3300456,344,3068,4390.4208578013,-2.72289859252509,0.0269394382089806,-0.386733919604873,-0.529499455646399
bom jardim,3300506,344,50,48.27246181676,0.214128754443174,-0.0604794213463693,-0.36560910642207,-0.419975340022893
bom jesus do itabapoana,3300605,341,1583,1568.9309549582,0.0514614319242494,-0.020889185128701,-0.347538939861791,-0.648311095555755
cabo frio,3300704,316,1858,2486.19480389752,-2.09018621198277,0.035521241207902,-0.263299925152565,-0.373731316643388
cachoeiras de macacu,3300803,344,420,365.348873773362,1.07923360462359,-0.0913192144013985,-0.383361867659359,-0.605291668696764
cambuci,3300902,341,173,142.724296766064,1.60964619805554,-0.109966167679132,-0.426944199828066,-0.581160048359141
carapebus,3300936,341,373,368.490458719425,0.108606523948705,-0.0635324750472337,-0.452955805879291,-0.702160482709873
comendador levy gasparian,3300951,344,37,34.8178504996373,0.335922685367581,-0.0956374889794365,-0.294398696719164,-0.346311109265425
campos dos goytacazes,3301009,341,11823,15027.136023785,-1.43294957150111,-0.0230113419698447,-0.326256793637113,-0.369157093360125
cantagalo,3301108,344,83,80.3517766378435,0.243467616946451,-0.0594692742232035,-0.351224039846346,-0.495912915252533
cardoso moreira,3301157,341,248,261.661614229709,-0.490936641804677,0.00976651584354535,-0.330970579440829,-0.640608334901328
carmo,3301207,344,301,230.899200009718,2.60166689872201,-0.0871756313689432,-0.41603089617033,-0.641643767222898
casimiro de abreu,3301306,344,1119,1211.5759635099,-0.672865459468163,-0.0368733339315765,-0.358431890762396,-0.658126027845413
conceicao de macabu,3301405,341,177,159.213570813409,0.786252585263249,-0.0779251667345469,-0.419987277756559,-0.596543789610969
cordeiro,3301504,344,232,216.222406915408,0.676216220130301,-0.0538130828930779,-0.351658116868129,-0.576746571315859
duas barras,3301603,344,19,20.5058397982787,-0.318362544081555,-0.0460606424077526,-0.231623181844448,-0.290651556246817
duque de caxias,3301702,344,4971,7489.50957626811,-2.6552677844434,0.0340957522951691,-0.204142334856166,-0.226955514374949
engenheiro paulo de frontin,3301801,332,210,205.457475957183,0.128039649829215,-0.0592331461406959,-0.346463722779323,-0.564768669565818
guapimirim,3301850,344,457,471.484079312977,-0.255939489345014,-0.0187388449626539,-0.343208715926818,-0.59759893555493
iguaba grande,3301876,316,2139,3088.93076449118,-2.43751270899955,0.027491163176367,-0.344039919613159,-0.444059788722984
itaborai,3301900,344,6539,6459.69398484382,0.107402416485288,-0.00976501589745901,-0.24435735836727,-0.283142117857394
itaguai,3302007,332,1355,1264.52587292866,0.643026793399754,-0.0426985506387669,-0.3729285559733,-0.746286878302793
italva,3302056,341,925,962.000488476978,-0.272129071517342,-0.0275240877336875,-0.357457915864434,-0.661414876548026
itaocara,3302106,341,511,492.585199448243,0.283425430975351,-0.0346018385951187,-0.456957400099219,-0.753172367817281
itaperuna,3302205,341,5879,8735.82414328381,-2.04345219771118,0.0339014597359706,-0.273990776107026,-0.226583775168676
itatiaia,3302254,344,931,854.346963667985,0.66769895595707,0.0228704364737014,-0.368439206407728,-0.702074590417705
japeri,3302270,344,870,812.841098631058,0.510113508024318,-0.014830360514176,-0.458586640426093,-0.85461002476178
laje do muriae,3302304,341,80,72.9782389210409,0.64789507758804,-0.0867406929724875,-0.343664374004529,-0.464716822401498
macae,3302403,344,2415,3089.96259030073,-2.11171791707662,0.0427468294224421,-0.307738844812148,-0.37265568808856
macuco,3302452,344,264,162.256433701573,3.96171962456683,-0.126763887081114,-0.428715058598786,-0.546983913662128
mage,3302502,344,1035,1365.5139620986,-2.19044896979967,0.012297278358203,-0.356504094841042,-0.639048717422535
mangaratiba,3302601,341,945,981.433783376648,-0.298883613060966,-0.00233316875471011,-0.351999535981428,-0.681859440679198
marica,3302700,344,2025,2139.93469202042,-0.543043067892608,0.0114517618229468,-0.313245527410031,-0.292856931367634
mendes,3302809,332,193,122.450468596244,3.09044384357132,-0.143853019802577,-0.373112854579032,-0.491912618677615
mesquita,3302858,338,358,323.072785119228,1.08960180725671,-0.0346772148308855,-0.324019947232241,-0.69548473096409
miguel pereira,3302908,344,227,205.43217630018,0.731674342141693,-0.0641715987266892,-0.356180118709555,-0.554689750424072
miracema,3303005,341,966,738.312587694624,1.75032309904102,-0.08854517821297,-0.521044885231337,-0.755935116700719
natividade,3303104,341,1188,1186.36723544283,0.00758595565741146,-0.0558697606379423,-0.478715054688786,-0.760270508079424
nilopolis,3303203,344,104,113.389617576239,-0.637490297643273,-0.00894729920939355,-0.298659738075564,-0.522448528829019
niteroi,3303302,344,4049,4329.56646727505,-0.584866281582837,0.0139928086306636,-0.302097276704486,-0.285196083592462
nova friburgo,3303401,344,3333,4814.62973546677,-3.43623429710395,0.033159976342942,-0.145526327678658,-0.18408760169471
nova iguacu,3303500,344,4383,6564.04738689673,-2.9488345897043,0.0239156497448029,-0.187189335705867,-0.204386134649234
paracambi,3303609,332,244,273.571167928005,-0.704310208021103,-0.00769975768355957,-0.382976379685855,-0.686423641764725
paraiba do sul,3303708,344,227,253.811762612827,-0.65446882127226,-0.0786021454388212,-0.494468109325363,-0.669309273697629
paraty,3303807,344,5066,7727.03446906652,-1.98743773130841,0.00203598369481258,-0.339406984594844,-0.4242331449255
paty do alferes,3303856,344,364,330.125998038925,0.937652280564236,-0.0426517049087397,-0.385700781017553,-0.662857952251698
petropolis,3303906,344,1296,1362.83280417539,-0.42389303320741,-0.00662177658406063,-0.287119988812983,-0.502605829356443
pinheiral,3303955,332,692,604.254171924037,1.1562617731966,-0.070878213626086,-0.46031044367918,-0.710209511614204
pirai,3304003,332,1339,1940.15148625309,-2.9356008582408,0.0567592963510792,-0.211594286151927,-0.281085358845654
porciuncula,3304102,341,1599,2052.22800577935,-1.39782684153384,0.0373865478102015,-0.361210499821457,-0.674130423662499
porto real,3304110,344,244,232.232690289362,0.442905367607708,-0.038460092642439,-0.373397806421057,-0.629612086394702
quatis,3304128,344,293,284.730043148037,0.25139070611359,-0.0422630264602232,-0.40398339767244,-0.625303947875234
queimados,3304144,332,235,212.906556811983,0.983997752414048,-0.00918875281066925,-0.392820949493739,-0.732876404368424
quissama,3304151,341,879,897.561901262528,-0.129544055189348,-0.0518530028920316,-0.419913603328099,-0.682404614501297
resende,3304201,344,10349,16036.848317791,-2.93340093760756,0.0362435724523349,-0.186391624045903,-0.213311884414341
rio bonito,3304300,344,275,273.370477633487,0.0510855145346959,-0.0242038771394372,-0.308781867276958,-0.581728791333028
rio claro,3304409,332,32,36.2017581312733,-0.63883899684988,-0.0388435882021254,-0.251433465446609,-0.355838353153137
rio das flores,3304508,344,66,64.4233725240947,0.165006004633668,-0.0427561802763686,-0.313678072811792,-0.455051768418277
rio das ostras,3304524,344,5330,7025.21781407715,-1.98879838698431,0.0286469929925788,-0.202161259972299,-0.21350411367026
rio de janeiro,3304557,344,88756,124184.635224838,-2.44230301024546,0.00617020516348498,-0.0738692340079672,-0.118038266889274
santa maria madalena,3304607,341,6,10.7380790377056,-1.41209868302608,-0.0903573586649036,-0.19789685460112,-0.219418254368717
santo antonio de padua,3304706,341,1044,1330.19781837257,-1.82640353421486,-0.014105110112019,-0.459830561026579,-0.773329766523876
sao francisco de itabapoana,3304755,341,1400,1065.92240422852,2.45341618293283,-0.0714939066249132,-0.562258320511379,-0.805718338254721
sao fidelis,3304805,341,157,155.028021508674,0.108103743545156,-0.0357049924895611,-0.405899255272157,-0.644722822435317
sao goncalo,3304904,344,7201,7590.45782535407,-0.52429301213103,0.00698358213085796,-0.214862277778566,-0.184858192002675
sao joao da barra,3305000,341,111,116.037504050406,-0.338106035261703,-0.0497756778682124,-0.402284242988359,-0.593195953042387
sao joao de meriti,3305109,344,2259,2315.95609421129,-0.232344120616074,0.0122470675086291,-0.275404005385503,-0.313604060926858
sao jose de uba,3305133,341,271,249.701453448303,0.728177062111913,-0.0736230247506209,-0.378572838486288,-0.613855159434685
sao jose do vale do rio preto,3305158,344,21,22.9328037531957,-0.384168899557303,-0.029752198390874,-0.233557018190647,-0.306883799116552
sao pedro da aldeia,3305208,316,1309,1421.45039453547,-0.718876178278538,-0.0202589001277416,-0.383284975856032,-0.73914550914562
sao sebastiao do alto,3305307,341,35,34.0574720325999,0.149589480693581,-0.0703205026040368,-0.290072448633263,-0.372769494076112
sapucaia,3305406,344,391,405.313901590589,-0.266281207846735,-0.0430745307402928,-0.418323540123066,-0.676266950323229
saquarema,3305505,315,2201,3260.91461161049,-3.84004952135754,0.0323007300372668,-0.271425817034482,-0.323134131515798
seropedica,3305554,331,536,681.528891179692,-2.05217766753858,-0.00154733278107694,-0.43102768118969,-0.731263217178342
silva jardim,3305604,315,24,26.0538980579456,-0.376116063421806,-0.0647438245098287,-0.250380648136084,-0.324888024045758
sumidouro,3305703,343,149,111.035998745728,2.14087162277801,-0.121806934086389,-0.4222387794415,-0.524086405652474
tangua,3305752,344,263,262.32937987579,0.0209186354631593,-0.027805270749245,-0.385255604755853,-0.678612796588312
teresopolis,3305802,344,128,135.979766315777,-0.491938170026723,-0.019868277327918,-0.298137783218259,-0.52136323863095
trajano de moraes,3305901,344,17,19.8451351388497,-0.610043462654675,-0.0714330338809684,-0.237115284738793,-0.283249023927771
tres rios,3306008,344,1840,1647.7938933881,0.922760431775511,-0.01900747346834,-0.42098519445512,-0.787724758403423
valenca,3306107,47,57,59.9701709000011,-0.221198428019246,0.0570943099304434,-0.251263905568593,-0.321760713904199
varre-sai,3306156,341,712,641.61105308587,0.472479032894235,-0.118862103013363,-0.520981742461469,-0.679164089031464
vassouras,3306206,343,1350,1645.84997622248,-1.71542985560259,-0.00440936201799872,-0.372125383353511,-0.646438869814239
volta redonda,3306305,340,6146,7291.07004099112,-1.00963083349705,0.00732875518054512,-0.308858498620541,-0.38931830322742
