municipio,ibge_code,rainfall_effect_mean,rainfall_effect_q025,rainfall_effect_q975,rainfall_relative_risk,rainfall_relative_risk_q025,rainfall_relative_risk_q975
angra dos reis,3300100,0.112597046483548,-0.0905095723018225,0.315042336333012,1.11918086421004,0.913465589890772,1.37031732393952
aperibe,3300159,0.398399331055062,0.115778277921332,0.680919789646185,1.48943869028984,1.12274690675573,1.97569411975055
araruama,3300209,-0.330176779104843,-0.624755439784548,-0.0370890464915458,0.718796653970707,0.53539234817749,0.963590327190729
areal,3300225,0.220966323404154,-0.135541831379824,0.577283888137861,1.2472814256643,0.873242633220172,1.7811939326597
armacao dos buzios,3300233,0.173638315079318,-0.19491405602298,0.541583505016838,1.18962521849719,0.822905378777928,1.71872632022953
arraial do cabo,3300258,0.103843708605746,-0.207105005652246,0.414084408237915,1.10942704746482,0.812934282811032,1.51298482987821
barra do pirai,3300308,0.221840538998954,-0.00149551845296579,0.444661169372402,1.24837229529587,0.998505599277491,1.55996154352711
barra mansa,3300407,0.280790042465974,0.0629415549005174,0.4981674464677,1.32417555411299,1.06496459545067,1.64570266743254
belford roxo,3300456,-0.142213659203469,-0.411490166653656,0.12605430477321,0.867435901021496,0.662662037147766,1.13434376689146
bom jardim,3300506,0.290598599580819,-0.0545522960130161,0.635821464088004,1.3372277124427,0.946908987998203,1.88857289923992
bom jesus do itabapoana,3300605,0.216198994450256,-0.0343968283360731,0.466308464109969,1.241349376061,0.966188017769886,1.59409864573691
cabo frio,3300704,0.0887984527040791,-0.210368219047566,0.387172654792392,1.09286037107552,0.810285828356061,1.4728107571579
cachoeiras de macacu,3300803,0.0648152113442436,-0.188220275733723,0.317196306976489,1.06696184372153,0.828432203621368,1.3732721283661
cambuci,3300902,0.699943703895703,0.357619126777991,1.04406976885223,2.01363934422901,1.42992089817171,2.84075473563718
campos dos goytacazes,3301009,-0.110704539502353,-0.38118379595473,0.158804289641114,0.895203207043693,0.68305233582592,1.17210853045074
cantagalo,3301108,0.229269667106719,-0.0926686198830846,0.550878838041036,1.25768114852094,0.911495501740674,1.73477693609481
carapebus,3300936,0.552003154181045,0.206865572909982,0.898118982474278,1.73672847066871,1.22981723991565,2.45498090318851
cardoso moreira,3301157,0.292778387797166,-0.0309783981423409,0.616337776385779,1.34014576486558,0.969496515775559,1.85213268233227
carmo,3301207,0.195377536043955,-0.0697515905910031,0.460025118459116,1.21576989681389,0.932625464073808,1.58411377499184
casimiro de abreu,3301306,-0.0853766247258646,-0.324904646643292,0.153333817837869,0.918166415099695,0.722596252335364,1.16571405014346
comendador levy gasparian,3300951,-0.350003542930213,-0.750926327913994,0.0459786436033754,0.704685593062412,0.47192918901996,1.0470520494593
conceicao de macabu,3301405,0.761758936755481,0.409146716874737,1.11681261539999,2.1420406228367,1.50553259131904,3.05510088624777
cordeiro,3301504,0.304249450708448,0.0389967751317893,0.569212265726444,1.35560717108561,1.03976713053279,1.7668746753557
duas barras,3301603,0.58292346673446,0.150946773142314,1.02077869407503,1.79126749446149,1.16293475707162,2.77535507529756
duque de caxias,3301702,-0.161400375186867,-0.383607444417804,0.0599122330672783,0.850951303107181,0.681398861611501,1.06174335649818
engenheiro paulo de frontin,3301801,0.3570630503237,0.0659405464645164,0.648051921346539,1.42912597386856,1.06816320919887,1.91181283720467
guapimirim,3301850,0.0266245122519502,-0.229410481401251,0.28193707616666,1.02698211115658,0.795002132929472,1.32569529953216
iguaba grande,3301876,-0.170580171025629,-0.455641426338057,0.113313567309238,0.843175488675119,0.634041146798308,1.11998306797049
itaborai,3301900,-0.0245920571546843,-0.284410566999197,0.234392387184716,0.975707863894199,0.752457647000254,1.2641404274055
itaguai,3302007,0.0237142245900737,-0.227934782955011,0.274626889562859,1.02399764272682,0.796176182400224,1.31603955515865
italva,3302056,0.0159333399154786,-0.255566345115648,0.286671355754253,1.01606095243961,0.774477752039958,1.33198639187274
itaocara,3302106,0.487816077432924,0.210893199179043,0.764750420726583,1.62875525757441,1.23478047245077,2.14845809712528
itaperuna,3302205,-0.170485286912339,-0.399387643454066,0.0575358351386692,0.843255496429382,0.670730646607843,1.05922322738587
itatiaia,3302254,-0.0465556088747143,-0.252260406879926,0.158439905336817,0.95451147978481,0.77704236454264,1.17168151030375
japeri,3302270,0.357191555234177,0.0827145571244727,0.631419268390872,1.42930963537435,1.08623170719024,1.88027730456168
laje do muriae,3302304,0.344765671249695,0.0181435066196907,0.671461377921422,1.41165908859747,1.01830910000143,1.95709528768588
macae,3302403,-0.0886822663867576,-0.321616169480872,0.14343564710258,0.915136296947951,0.724976405002734,1.15423253020943
macuco,3302452,0.632192082044496,0.298907856699402,0.966851833494117,1.88173097016921,1.34838537306982,2.62965282952665
mage,3302502,-0.0331615066168234,-0.276321590031273,0.209232004062739,0.967382308327772,0.758568943321174,1.2327309639483
mangaratiba,3302601,0.0425911935400571,-0.193911938833219,0.278403426529227,1.0435112135164,0.823730439738387,1.3210190238435
marica,3302700,-0.0679196343678908,-0.349845574484116,0.213022417497859,0.934335559027832,0.704796919943371,1.23741239062229
mendes,3302809,0.786662027477292,0.414199187091274,1.16306311858847,2.19605381106998,1.51315849850868,3.19971940040817
mesquita,3302858,0.0242600630199787,-0.619798189558901,0.669641452875961,1.02455673256483,0.538053011354203,1.95353676006443
miguel pereira,3302908,0.490213100354032,0.204556701868634,0.776058668442748,1.63266410418555,1.22698102599031,2.17289128137683
miracema,3303005,0.547383908964234,0.284991826855416,0.809799359896288,1.72872459614905,1.32975115982857,2.24745701142826
natividade,3303104,0.163871505278808,-0.0713901217931436,0.398569398186601,1.17806293049907,0.931098579416701,1.48969201639611
nilopolis,3303203,0.0811543884591281,-0.299501786737828,0.460664403626408,1.08453832384269,0.741187398101027,1.58512679920267
niteroi,3303302,-0.0506361457583681,-0.322694966054046,0.220514359143105,0.950624496368716,0.724194724654235,1.24671782640938
nova friburgo,3303401,-0.128171031752388,-0.320752075432058,0.0636249574415272,0.879702909147305,0.725603123532708,1.06569264370797
nova iguacu,3303500,-0.18194715984872,-0.415763678098239,0.0509507266730656,0.833645389200432,0.659836185802841,1.05227104311067
paracambi,3303609,-0.0716548383337014,-0.365479259895284,0.221158211928429,0.930852134842257,0.693864029976068,1.2475207876211
paraiba do sul,3303708,0.392043390298689,0.103376758795164,0.68064144419548,1.4800019277348,1.10890912164724,1.97514427080786
paraty,3303807,0.113737677625233,-0.0899670466271175,0.316803221841948,1.12045816508303,0.913961302882601,1.37273242158907
paty do alferes,3303856,0.346060235943405,0.0866724182909682,0.605169317292691,1.41348775602188,1.09053938044511,1.83156229780298
petropolis,3303906,-0.0403072758709023,-0.249126691994981,0.167780159117226,0.960494257094138,0.779481213098826,1.18267658140264
pinheiral,3303955,0.296303372423258,0.0484625477486389,0.543764235653601,1.34487809387683,1.04965605910159,1.72247848912012
pirai,3304003,-0.122425979931851,-0.346373356451414,0.100677424926195,0.884771393358558,0.707248382060714,1.1059198420445
porciuncula,3304102,0.112482367202293,-0.119575025113571,0.343929807885468,1.11905252471202,0.887297435730905,1.41047962748537
porto real,3304110,-0.0310900348222834,-0.268160491364299,0.205241347555901,0.969388290444393,0.764785029860033,1.22782136089112
quatis,3304128,0.220417880280613,-0.0191857581696114,0.459540906924531,1.24659755029379,0.980997117087703,1.58334691450622
queimados,3304144,0.529956006773747,0.194711636428847,0.865930631017883,1.69885756874915,1.21496058559746,2.37721736909312
quissama,3304151,-0.0470757653445468,-0.392329807661359,0.296757787124479,0.954015113568311,0.675481298312203,1.34548936512884
resende,3304201,-0.112193305760767,-0.303595140663577,0.0784082490020092,0.893871450297854,0.738159656791303,1.08156411602267
rio bonito,3304300,-0.0408540838297115,-0.338150952441485,0.255464951870499,0.959969194757184,0.713087637453571,1.2910617629251
rio claro,3304409,0.0435519901810571,-0.314663142270577,0.400776653195541,1.04451429738784,0.730034750702565,1.49298377810339
rio das flores,3304508,0.455490104626539,0.102479171889131,0.809414536178873,1.5769460622326,1.10791422590916,2.24659230305721
rio das ostras,3304524,-0.0581343426228471,-0.306534966513639,0.189431676366062,0.943523183542898,0.735992782627749,1.20856254778341
rio de janeiro,3304557,-0.121833711323443,-0.36070532669689,0.116142622689581,0.885295570892088,0.697184409833686,1.12315604824703
santa maria madalena,3304607,0.364675389245633,-0.164609159336286,0.900588648987995,1.44004647769717,0.848225160195024,2.46105138025845
santo antonio de padua,3304706,0.268105400007813,0.0261473116545781,0.509651644794023,1.30748494167573,1.02649215159344,1.66471118311959
sao fidelis,3304805,0.639567415217029,0.30124896305319,0.979248156244464,1.89566066795363,1.35154578462039,2.66245374002063
sao francisco de itabapoana,3304755,0.493868764004261,0.149665986294589,0.838834868502042,1.63864349767098,1.16144623897069,2.31366967631562
sao goncalo,3304904,-0.140790695499392,-0.413289272957511,0.130671286574587,0.868671109444216,0.661470909503319,1.13959312017918
sao joao da barra,3305000,0.597697634088598,0.157471335545675,1.04247720276369,1.81792844189829,1.17054720440392,2.83623424652361
sao joao de meriti,3305109,0.106359360874897,-0.151279697012532,0.363340913748927,1.11222149358787,0.859607235456646,1.43812605262366
sao jose de uba,3305133,0.0551072057009633,-0.227374079433382,0.33685867417437,1.05665388792435,0.796622726367221,1.40054111712167
sao jose do vale do rio preto,3305158,0.222128057591501,-0.165939172223692,0.610307316139529,1.24873127714569,0.847097759695331,1.84099707997121
sao pedro da aldeia,3305208,0.237101442160197,-0.082566383991857,0.556387813277602,1.26756969626172,0.920750312746699,1.74436015188938
sao sebastiao do alto,3305307,-0.231189683703074,-0.671100289923083,0.2033425932831,0.793588920872483,0.511145859628179,1.22549224174812
sapucaia,3305406,0.257837622264112,0.0170830207978695,0.498170312539373,1.29412866388009,1.01722977004686,1.6457073841411
saquarema,3305505,-0.300201153019747,-0.565371937061143,-0.0362161046246117,0.740669217846232,0.56814879186268,0.964431852777926
seropedica,3305554,0.28250748036645,0.00808540665999985,0.556543534562531,1.32645169740441,1.00811818183442,1.74463180704431
silva jardim,3305604,0.249349239822929,-0.184656228073138,0.684062606095714,1.28319009590644,0.831390043288431,1.98191313121619
sumidouro,3305703,0.456621631165179,0.178508241786456,0.734756735162579,1.57873142845616,1.19543273573421,2.08497472976927
tangua,3305752,0.756590105005767,0.394545026387463,1.12118417732432,2.13099734027773,1.48370898889438,3.06848568387702
teresopolis,3305802,0.127833552351271,-0.125736994572085,0.380887442380303,1.13636384186523,0.881846746767591,1.46358285873535
trajano de moraes,3305901,0.0453476979348418,-0.378112530472288,0.467184626347525,1.04639162487189,0.685153395692415,1.59549594681508
tres rios,3306008,-0.253483457376746,-0.483627554152433,-0.0242893469501896,0.776092583426163,0.616542787956673,0.976003265329465
valenca,3306107,0.1579767643697,-0.253471131103833,0.568799083152694,1.1711389822391,0.776102149814111,1.76614478432935
varre-sai,3306156,0.906085092370465,0.595066668928534,1.21890718920428,2.47461565331178,1.81315182181998,3.38348820011216
vassouras,3306206,0.189827773513671,-0.0503555030310338,0.42950316219691,1.20904135078128,0.950891319659304,1.5364939456004
volta redonda,3306305,0.0807024171201383,-0.130271468511025,0.291009161854061,1.0840482543613,0.877857088014152,1.33777684041007
