municipio,ibge_code,temperature_effect_mean,temperature_effect_q025,temperature_effect_q975,temperature_relative_risk,temperature_relative_risk_q025,temperature_relative_risk_q975
angra dos reis,3300100,0.0212101657067482,-0.148358614246654,0.1911905175764,1.02143670004684,0.862121890306963,1.21069008785183
aperibe,3300159,0.196181931595686,-0.0732406432094692,0.466866698009963,1.2167482501496,0.92937715481257,1.59498877406769
araruama,3300209,-0.302521682568807,-0.54606530803911,-0.0595361037330913,0.738952465697557,0.57922440213561,0.942201515985101
areal,3300225,0.220034227568314,-0.138121930277994,0.581807743885919,1.24611938149372,0.870992484915199,1.789270050894
armacao dos buzios,3300233,0.469907313101741,0.230256818066066,0.711445186583686,1.59984590159081,1.25892328265934,2.0369328806094
arraial do cabo,3300258,0.237629679910645,-0.0460192848972003,0.522948761078455,1.26823945130599,0.955023544482244,1.68699486733498
barra do pirai,3300308,0.0803021885162597,-0.145095216244085,0.306274285111501,1.08361447405335,0.864939932858021,1.35835483196301
barra mansa,3300407,0.225016109046808,0.0122009952356471,0.438708580970886,1.25234289007961,1.01227573101904,1.55070331707943
belford roxo,3300456,-0.000133851823729089,-0.210889617863071,0.211052079743249,0.999866157134027,0.809863456406621,1.23497667065454
bom jardim,3300506,0.640783758756553,0.260764281663965,1.03649204372249,1.89796784543599,1.29792168543256,2.81930963225704
bom jesus do itabapoana,3300605,-0.0552563001303814,-0.294410609499737,0.184083990501269,0.946242594771193,0.744970536654242,1.20211678524769
cabo frio,3300704,0.123393539056245,-0.107436966362209,0.354928610019381,1.13132955571844,0.898133133265202,1.42607884290641
cachoeiras de macacu,3300803,-0.0950145402130851,-0.333840145279655,0.1438747402929,0.909359712088119,0.716168255953657,1.15473945713943
cambuci,3300902,0.496064062888182,0.177267050682942,0.820773651477965,1.64224476139136,1.19394989569207,2.27225709275133
campos dos goytacazes,3301009,-0.144631778578051,-0.34093304128722,0.0518822084674388,0.865340871499623,0.711106521389655,1.05325167107772
cantagalo,3301108,0.232026242614005,-0.0838578373986369,0.55028807104028,1.26115282434084,0.919561974125653,1.73375238979116
carapebus,3300936,0.285221479682146,0.021158207738041,0.550959126650329,1.33005657600977,1.02138362964946,1.734916224514
cardoso moreira,3301157,0.133485297654262,-0.140403475416764,0.408289872846318,1.14280446410525,0.869007541475407,1.50424313721799
carmo,3301207,0.283929094678291,0.0349608705498674,0.534283921952153,1.32833874112778,1.03557918636269,1.70622601370784
casimiro de abreu,3301306,-0.0171443105096932,-0.230129907283407,0.196228221464199,0.983001816905427,0.794430393505403,1.21680457456972
comendador levy gasparian,3300951,-0.253769530974217,-0.621329020602839,0.107915615525597,0.775870595582796,0.537229973228023,1.11395374101932
conceicao de macabu,3301405,0.332429760664531,0.0367034568365647,0.631031529331632,1.39435195739038,1.03738534568882,1.87954838893217
cordeiro,3301504,0.129656253747825,-0.130299373222658,0.390432088628738,1.1384369826111,0.877832592007035,1.47761911838499
duas barras,3301603,0.321908231685738,-0.0935246057625283,0.748691594422902,1.3797581520676,0.910715608298515,2.11423193326696
duque de caxias,3301702,-0.201695581319681,-0.397866076029898,-0.0053914249276649,0.817343704766131,0.671751985330931,0.994623082719704
engenheiro paulo de frontin,3301801,0.123620727384365,-0.141576461185805,0.38965411591797,1.1315866097875,0.867988805594219,1.47647001807628
guapimirim,3301850,-0.0613100310244343,-0.309589602693059,0.18704180074244,0.940531600594104,0.733748022654108,1.20567768221886
iguaba grande,3301876,0.0726370034855472,-0.157730487391498,0.303570546930394,1.07534012134335,0.854079936263838,1.3546871565916
itaborai,3301900,-0.123603153067934,-0.319110933620848,0.0721680657662831,0.883730477032293,0.726794918842145,1.07483597201597
itaguai,3302007,-0.0390762002397332,-0.245403691960474,0.167624765560962,0.961677426303887,0.782388630481356,1.18249281536114
italva,3302056,0.0456710409827687,-0.184734393213534,0.276606448905774,1.0467300230356,0.831325060108716,1.31864731381064
itaocara,3302106,0.0599753846193758,-0.20734578951644,0.327816089687375,1.0618104093563,0.812738564916881,1.38793369349646
itaperuna,3302205,-0.102806405176324,-0.31449423249318,0.109116128876689,0.90230163750036,0.730158071124517,1.1152918604123
itatiaia,3302254,-0.0142408793830015,-0.217126194026918,0.189052805214549,0.985860042300632,0.804828398359746,1.20810474502886
japeri,3302270,0.324922646141914,0.0885287109417193,0.562695540952,1.38392359001122,1.09256562074803,1.75539787557429
laje do muriae,3302304,0.321078702848606,-0.0195922575786103,0.666448959169921,1.37861407747923,0.980598423379245,1.94731005090686
macae,3302403,0.0549033202610003,-0.157856684779058,0.26818472862084,1.05643847354219,0.853972160407773,1.30758866675683
macuco,3302452,0.580096072437375,0.231429109576153,0.939291332091732,1.78621002805811,1.26039997312219,2.55816788432491
mage,3302502,-0.174512464281279,-0.404172919944552,0.0550973406674221,0.8398663858331,0.66752868226564,1.05664346404972
mangaratiba,3302601,0.0388157102234203,-0.197980506808239,0.27607081372118,1.03957888223567,0.820385844920558,1.31794118904281
marica,3302700,-0.126789519357798,-0.33605758882363,0.0826825451816146,0.880919069496719,0.714581952697046,1.08619693535946
mendes,3302809,0.271613754422668,-0.0321728042702673,0.577971369109944,1.31208011828395,0.96833923446564,1.78241889061539
mesquita,3302858,0.0771108805745562,-0.130446664762969,0.285306882784739,1.08016183871811,0.877703304214156,1.33017017181864
miguel pereira,3302908,0.41614135818435,0.113566915228549,0.722709521775237,1.51610016689071,1.12026684929661,2.06000729029882
miracema,3303005,0.474810797216254,0.228765127324776,0.72300569621204,1.6077099855031,1.2570467583995,2.06061750215795
natividade,3303104,-0.0545000410668839,-0.278154344068333,0.169430501961626,0.946958469969191,0.757179946261701,1.18463001470997
nilopolis,3303203,0.07845745046678,-0.225861566823314,0.383373920571006,1.08161733187056,0.797828539960574,1.46722655370063
niteroi,3303302,-0.067299016015925,-0.270292871286767,0.136028558609002,0.934915604797565,0.763155955137759,1.14571461314331
nova friburgo,3303401,-0.284103068147756,-0.478789244798019,-0.0894096795252291,0.752689062440633,0.619533040745769,0.914470856836341
nova iguacu,3303500,-0.149558996527147,-0.353782604813874,0.0548508395474247,0.86108763534107,0.702027568181301,1.05638303235206
paracambi,3303609,-0.143286887129663,-0.390267609876157,0.103547525407946,0.86650544397389,0.676875711633396,1.10909850247133
paraiba do sul,3303708,-0.187478700826322,-0.45734414264738,0.0817090800234762,0.829046776003621,0.632962473195052,1.08514007497985
paraty,3303807,0.0231128613700872,-0.147431909718676,0.194095008669469,1.02338203332811,0.862921192867829,1.21421163810847
paty do alferes,3303856,0.267723012085248,0.00227721095253835,0.534737049796048,1.30698507080348,1.00227980576667,1.70699932741438
petropolis,3303906,-0.146599829589761,-0.365857481726361,0.0727560010869431,0.863639511253016,0.693601645075109,1.07546809185241
pinheiral,3303955,0.138967281974253,-0.0890402421476189,0.367744461752094,1.14908650354676,0.914808758964586,1.44447287374067
pirai,3304003,-0.173458297961017,-0.365560252286135,0.0188380294154421,0.840752211512331,0.693807834545087,1.01901658453813
porciuncula,3304102,0.129280684595986,-0.0987594789750332,0.358050143166904,1.13800950107858,0.905960584388911,1.43053735035462
porto real,3304110,0.0301220500986459,-0.190505159335884,0.251217844401876,1.03058030870629,0.826541493312869,1.28559011243791
quatis,3304128,0.297355281731467,0.0688114603436044,0.527106832596899,1.34629352798582,1.07123421997571,1.69402411657743
queimados,3304144,0.196547496312835,-0.0530044415608325,0.447133783883381,1.21719313169105,0.948375800204135,1.56382349967299
quissama,3304151,0.063611815325906,-0.172521361355205,0.300300201957107,1.06567863834406,0.841540312178244,1.3502640986634
resende,3304201,-0.0606715344076336,-0.227565861431962,0.10654690039051,0.941132318596875,0.796469963117733,1.11243009862827
rio bonito,3304300,-0.111126241730041,-0.386859854539988,0.164134989284841,0.894825777444093,0.679186273129766,1.17837337213576
rio claro,3304409,-0.0369652280278963,-0.386484941178282,0.311235917091595,0.963709644851341,0.679440956877837,1.3651112362728
rio das flores,3304508,0.263739431296634,-0.0692226531839848,0.600117643603821,1.30178894664601,0.933118895054042,1.82233317362235
rio das ostras,3304524,-0.0138591461035729,-0.216114326579191,0.188804775106844,0.986236449726687,0.805643190178191,1.20780513583641
rio de janeiro,3304557,-0.129109445633374,-0.320473142219797,0.0625088030636989,0.87887777094734,0.725805546572723,1.06450382977163
santa maria madalena,3304607,0.0240988874185344,-0.431060247767448,0.477800382368528,1.02439161232428,0.649819759405622,1.61252356311985
santo antonio de padua,3304706,0.017170902056092,-0.229831795345109,0.264573083474486,1.01731916940716,0.794667257994165,1.30287463831822
sao fidelis,3304805,0.118066027389916,-0.184687051963408,0.421812956875862,1.1253184107519,0.831364417007917,1.52472330899913
sao francisco de itabapoana,3304755,0.159689382498252,-0.0833020268328042,0.403566308453944,1.17314641458299,0.920073218451148,1.49715450288807
sao goncalo,3304904,-0.170802156559668,-0.370169433566565,0.0287506348202046,0.842988336687262,0.690617306970314,1.02916792382973
sao joao da barra,3305000,-0.195999504311285,-0.518452752802725,0.124108052393356,0.822012642140476,0.595441130222264,1.13213819463192
sao joao de meriti,3305109,0.0560751866935845,-0.158564063392493,0.27126523045859,1.05767720399899,0.853368292371879,1.31162290659918
sao jose de uba,3305133,0.297745445791251,0.0312948211961694,0.565940303385383,1.34681890581947,1.03178965250914,1.76110297549804
sao jose do vale do rio preto,3305158,-0.0591114384119492,-0.45337681804725,0.331877669910707,0.942601721265105,0.635478628688426,1.39358236103019
sao pedro da aldeia,3305208,0.272249062593052,0.0274751999301462,0.518295721954089,1.31291395834796,1.02785612388749,1.67916344829395
sao sebastiao do alto,3305307,-0.0967321533095377,-0.465082642587809,0.268626180124546,0.907799124563705,0.628083196624013,1.30816603116982
sapucaia,3305406,0.136409187924595,-0.101616888174303,0.375202498815279,1.14615078871772,0.903375579248472,1.45528607848944
saquarema,3305505,-0.144354114471905,-0.36666558724124,0.0780345892522206,0.865581178960053,0.693041368172512,1.08116005454115
seropedica,3305554,-0.105917353464018,-0.324210924040667,0.112567185250747,0.899498985479287,0.723097707603498,1.11914744458869
silva jardim,3305604,0.278732554431237,-0.136226283503373,0.702858214040464,1.32145387962099,0.872645144944876,2.0195166771385
sumidouro,3305703,0.269452556744268,-0.044023104260207,0.585673838737827,1.30924751578795,0.956931848015219,1.79620092770721
tangua,3305752,0.300182866546753,0.0144599067689203,0.588111470740649,1.35010567416588,1.01456495694868,1.80058474546859
teresopolis,3305802,0.0453187891409579,-0.24547991312496,0.336457172027456,1.04636137538933,0.78232899818151,1.3999789097276
trajano de moraes,3305901,-0.0254957762921019,-0.433392599140746,0.379549916105057,0.974826496339418,0.648305917489271,1.46162658678
tres rios,3306008,-0.303529078829006,-0.525887169763106,-0.0814146544941307,0.738208422583198,0.591030787063313,0.921811378955266
valenca,3306107,0.0508956298893743,-0.341323573936484,0.443108293067785,1.05221306795776,0.710828865296361,1.55754099610183
varre-sai,3306156,0.265983469374418,-0.0374503901944988,0.571814513638477,1.30471349077845,0.963242202793839,1.77147850885054
vassouras,3306206,-0.113880547615096,-0.343828809180619,0.116193428964258,0.892364544589199,0.70905030056222,1.12321311307134
volta redonda,3306305,-0.225410149359348,-0.432601790152349,-0.0181790419486662,0.798188774998838,0.648818806407906,0.98198520007431
