model,term,mean,sd,0.025quant,0.5quant,0.975quant,mode,kld
S6,(Intercept),-0.23752443883617,0.159082338302687,-0.552975644423652,-0.237497742764395,0.0778079815233158,-0.237517583649795,3.95310607023621e-09
S6,rainfall_lag_z,0.0305182144319958,0.0318303956939546,-0.0321834712306479,0.0306290007548293,0.0926084712945128,0.030634660097381,3.28595084933147e-09
S6,humidity_lag_z,-0.0448267013224164,0.0142323090836686,-0.0727397220626878,-0.0448251171651495,-0.0169226914751428,-0.0448251068074109,4.89121434589802e-11
S6,temperature_lag_z,0.0227584109898835,0.0203930440884551,-0.0172613670922447,0.0227690546254837,0.0627177091680219,0.0227691414910995,1.1097762261169e-10
S6,idhm_z,0.528199327579757,0.0879476758915757,0.354685340608395,0.528413442686897,0.700500542117712,0.528417191146456,1.42345373758929e-08
S6,log_cases_lag_z,0.917476318870956,0.0105424550593023,0.89680304750026,0.917476399316024,0.938149140258855,0.91747640194607,4.38051054344039e-11
S6,neighbor_log_cases_lag_z,0.28509588800022,0.0205251093293071,0.24487863685646,0.28508489726821,0.325375096998158,0.285084666196393,1.18243073270477e-10
S6,rainfall_lag_region_Campos.dos.Goytacazes,0.249827991431744,0.0286883332979449,0.193576094301026,0.249826633677349,0.306087621961924,0.249826627731153,4.57576395686029e-11
S6,rainfall_lag_region_Macaé...Rio.das.Ostras...Cabo.Frio,-0.00257294775650567,0.0349683482167642,-0.0711419811324031,-0.00257346451688939,0.0659990390309228,-0.00257346391527618,4.43710918714362e-11
S6,rainfall_lag_region_Petrópolis,0.0617689947698277,0.0283382139967634,0.0062141095382772,0.061764024832104,0.11735218445437,0.0617640022032023,5.51853775977246e-11
S6,rainfall_lag_region_Volta.Redonda...Barra.Mansa,0.100347442812308,0.0255931088493806,0.0501689116607331,0.100344764409945,0.150541222360801,0.100344750728575,4.92585033249358e-11
