date,year,week,total_cases,municipalities,state_population,incidence_per_100k,rolling_4wk_incidence_per_100k
2017-01-02,2017,1,604,92,17195818.0,3.5124819301995407,3.3380209071763844
2017-01-09,2017,2,544,92,17195818.0,3.163559884153228,3.4969742837085938
2017-01-16,2017,3,656,92,17195818.0,3.814881036773011,3.640420013749855
2017-01-23,2017,4,700,92,17195818.0,4.070757203873639,3.670950692778907
2017-01-30,2017,5,625,92,17195818.0,3.6346046463157493,3.8177887204900633
2017-02-06,2017,6,645,92,17195818.0,3.7509119949978533,3.7334658926955377
2017-02-13,2017,7,598,92,17195818.0,3.477589725594909,3.3060363862888056
2017-02-20,2017,8,406,92,17195818.0,2.3610391782467106,3.1359368888412287
2017-02-27,2017,9,508,92,17195818.0,2.9542066565254412,2.9832834936959673
2017-03-06,2017,10,540,92,17195818.0,3.1402984144168076,2.955660498383968
2017-03-13,2017,11,579,92,17195818.0,3.36709774434691,3.1591983585776493
2017-03-20,2017,12,546,92,17195818.0,3.1751906190214387,3.156290674860597
2017-03-27,2017,13,506,92,17195818.0,2.9425759216572307,3.0777832145001764
2017-04-03,2017,14,486,92,17195818.0,2.826268572975127,2.8073686288142854
2017-04-10,2017,15,393,92,17195818.0,2.2854394016033432,2.680884387122497
2017-04-17,2017,16,459,92,17195818.0,2.6692536522542865,2.612553819771761
2017-04-24,2017,17,459,92,17195818.0,2.6692536522542865,2.5514924617136563
2017-05-01,2017,18,444,92,17195818.0,2.5820231407427086,2.5122387315334462
2017-05-08,2017,19,366,92,17195818.0,2.128424480882503,2.4351851130315523
2017-05-15,2017,20,406,92,17195818.0,2.3610391782467106,2.186578155223555
2017-05-22,2017,21,288,92,17195818.0,1.6748258210222975,2.0717246483999774
2017-05-29,2017,22,365,92,17195818.0,2.122609113448398,2.122609113448398
2017-06-05,2017,23,401,92,17195818.0,2.331962341076185,1.8725483137818741
2017-06-12,2017,24,234,92,17195818.0,1.3607959795806166,1.8551022114795588
2017-06-19,2017,25,276,92,17195818.0,1.605041411813035,1.6501105094273503
2017-06-26,2017,26,224,92,17195818.0,1.3026423052395646,1.416041970204616
2017-07-03,2017,27,240,92,17195818.0,1.3956881841852478,1.3796959237414586
2017-07-10,2017,28,209,92,17195818.0,1.2154117937279867,1.2372194216058812
2017-07-17,2017,29,178,92,17195818.0,1.0351354032707256,1.1514427519528294
2017-07-24,2017,30,165,92,17195818.0,0.9595356266273578,1.0772968171679882
2017-07-31,2017,31,189,92,17195818.0,1.0991044450458827,0.9537202591932527
2017-08-07,2017,32,124,92,17195818.0,0.7211055618290447,0.8926589011351481
2017-08-14,2017,33,136,92,17195818.0,0.790889971038307,0.8446821198037802
2017-08-21,2017,34,132,92,17195818.0,0.7676285013018863,0.7618131338677812
2017-08-28,2017,35,132,92,17195818.0,0.7676285013018863,0.7400055059898866
2017-09-04,2017,36,109,92,17195818.0,0.6338750503174667,0.732736296697255
2017-09-11,2017,37,131,92,17195818.0,0.761813133867781,0.7632669757263073
2017-09-18,2017,38,153,92,17195818.0,0.8897512174180955,0.7501823989995706
2017-09-25,2017,39,123,92,17195818.0,0.7152901943949395,0.8301437012185172
2017-10-02,2017,40,164,92,17195818.0,0.9537202591932528,0.8606743802475694
2017-10-09,2017,41,152,92,17195818.0,0.8839358499839902,0.8810281662669377
2017-10-16,2017,42,167,92,17195818.0,0.9711663614955683,0.9101050034374637
2017-10-23,2017,43,143,92,17195818.0,0.8315975430770435,0.8853896918425166
2017-10-30,2017,44,147,92,17195818.0,0.8548590128134642,0.9479048917591475
2017-11-06,2017,45,195,92,17195818.0,1.1339966496505138,0.9958816730905153
2017-11-13,2017,46,200,92,17195818.0,1.16307348682104,1.0540353474315673
2017-11-20,2017,47,183,92,17195818.0,1.0642122404412515,1.1354504915090402
2017-11-27,2017,48,203,92,17195818.0,1.1805195891233553,1.2255886867376709
2017-12-04,2017,49,257,92,17195818.0,1.4945494305650362,1.3564344540050377
2017-12-11,2017,50,290,92,17195818.0,1.6864565558905076,1.4247650213557737
2017-12-18,2017,51,230,92,17195818.0,1.3375345098441958,1.4523880166677734
2017-12-25,2017,52,222,92,17195818.0,1.2910115703713543,1.6719181373052447
2018-01-01,2018,1,408,92,17195818.0,2.372669913114921,1.8652791044892425
2018-01-08,2018,2,423,92,17195818.0,2.4599004246264995,2.5136925733919724
2018-01-15,2018,3,676,92,17195818.0,3.931188385455115,3.045798693612598
2018-01-22,2018,4,588,92,17195818.0,3.419436051253857,3.2958594932791216
2018-01-29,2018,5,580,92,17195818.0,3.372913111781015,3.468866674443751
2018-02-05,2018,6,542,92,17195818.0,3.151929149285018,3.356920851337226
2018-02-12,2018,7,599,92,17195818.0,3.483405093029014,3.6942121625153277
2018-02-19,2018,8,820,92,17195818.0,4.768601295966263,4.070757203873639
2018-02-26,2018,9,839,92,17195818.0,4.8790932772142614,4.829662654024368
2018-03-05,2018,10,1064,92,17195818.0,6.187550949887933,5.607468048335939
2018-03-12,2018,11,1134,92,17195818.0,6.5946266702752965,5.994189982703934
2018-03-19,2018,12,1086,92,17195818.0,6.315489033438245,6.282050670692141
2018-03-26,2018,13,1037,92,17195818.0,6.0305360291670915,6.6833110236454
2018-04-02,2018,14,1340,92,17195818.0,7.792592361700967,6.927556455877818
2018-04-09,2018,15,1302,92,17195818.0,7.571608399204969,6.841779786224767
2018-04-16,2018,16,1027,92,17195818.0,5.97238235482604,6.552465256378033
2018-04-23,2018,17,838,92,17195818.0,4.873277909780158,6.082874336074038
2018-04-30,2018,18,1017,92,17195818.0,5.914228680484988,5.411199397434888
2018-05-07,2018,19,840,92,17195818.0,4.884908644648367,5.039015881652156
2018-05-14,2018,20,771,92,17195818.0,4.483648291695109,4.605771007811318
2018-05-21,2018,21,540,92,17195818.0,3.1402984144168076,3.7625427298660634
2018-05-28,2018,22,437,92,17195818.0,2.5413155687039723,3.128667679548597
2018-06-04,2018,23,404,92,17195818.0,2.3494084433785005,2.6052846104791296
2018-06-11,2018,24,411,92,17195818.0,2.3901160154172367,2.3028855039056593
2018-06-18,2018,25,332,92,17195818.0,1.9307019881229261,2.172039736638292
2018-06-25,2018,26,347,92,17195818.0,2.0179324996345045,2.225831885403765
2018-07-02,2018,27,441,92,17195818.0,2.564577038440393,2.118247587872819
2018-07-09,2018,28,337,92,17195818.0,1.9597788252934523,2.118247587872819
2018-07-16,2018,29,332,92,17195818.0,1.9307019881229261,2.0281093926441884
2018-07-23,2018,30,285,92,17195818.0,1.6573797187199817,1.6690104535881922
2018-07-30,2018,31,194,92,17195818.0,1.1281812822164086,1.522172425877036
2018-08-06,2018,32,236,92,17195818.0,1.3724267144488271,1.2837423610787229
2018-08-13,2018,33,168,92,17195818.0,0.9769817289296735,1.1180043892067246
2018-08-20,2018,34,171,92,17195818.0,0.9944278312319891,1.0656660822997779
2018-08-27,2018,35,158,92,17195818.0,0.9188280545886216,0.8752127988328324
2018-09-03,2018,36,105,92,17195818.0,0.6106135805810459,0.8156052826332542
2018-09-10,2018,37,127,92,17195818.0,0.7385516641313603,0.7589054501507285
2018-09-17,2018,38,132,92,17195818.0,0.7676285013018863,0.7036594595267291
2018-09-24,2018,39,120,92,17195818.0,0.6978440920926239,0.7850746036042019
2018-10-01,2018,40,161,92,17195818.0,0.9362741568909371,0.7850746036042019
2018-10-08,2018,41,127,92,17195818.0,0.7385516641313603,0.8315975430770435
2018-10-15,2018,42,164,92,17195818.0,0.9537202591932528,0.8708512732572535
2018-10-22,2018,43,147,92,17195818.0,0.8548590128134642,0.8955665848522008
2018-10-29,2018,44,178,92,17195818.0,1.0351354032707256,0.9798894126467261
2018-11-05,2018,45,185,92,17195818.0,1.075842975309462,0.9886124637978839
2018-11-12,2018,46,170,92,17195818.0,0.9886124637978838,1.1252735984993563
2018-11-19,2018,47,241,92,17195818.0,1.401503551619353,1.2473963146155653
2018-11-26,2018,48,262,92,17195818.0,1.523626267735562,1.440757281799563
2018-12-03,2018,49,318,92,17195818.0,1.8492868440454533,1.6864565558905078
2018-12-10,2018,50,339,92,17195818.0,1.9714095601616624,1.7882254859873485
2018-12-17,2018,51,311,92,17195818.0,1.808579272006717,1.8899944160841897
2018-12-24,2018,52,332,92,17195818.0,1.9307019881229261,2.103709169287556
2018-12-31,2019,1,465,92,17195818.0,2.7041458568589176,2.3683083875393427
2019-01-07,2019,2,521,92,17195818.0,3.029806433168809,2.714322749868602
2019-01-14,2019,3,549,92,17195818.0,3.1926367213237548,3.1054062098121764
2019-01-21,2019,4,601,92,17195818.0,3.4950358278972247,3.2798672328353327
2019-01-28,2019,5,585,92,17195818.0,3.4019899489515417,3.370005428063963
2019-02-04,2019,6,583,92,17195818.0,3.390359214083331,3.370005428063963
2019-02-11,2019,7,549,92,17195818.0,3.1926367213237548,3.314759437439964
2019-02-18,2019,8,563,92,17195818.0,3.274051865401227,3.378728479215121
2019-02-25,2019,9,629,92,17195818.0,3.6578661160521704,3.769811939158696
2019-03-04,2019,10,852,92,17195818.0,4.95469305385763,4.6101325333868965
2019-03-11,2019,11,1127,92,17195818.0,6.553919098236559,6.087235861649617
2019-03-18,2019,12,1579,92,17195818.0,9.18246517845211,7.879822873212546
2019-03-25,2019,13,1862,92,17195818.0,10.828214162303881,10.277208097922413
2019-04-01,2019,14,2501,92,17195818.0,14.544233952697104,12.250071499942603
2019-04-08,2019,15,2484,92,17195818.0,14.445372706317317,14.092089134695424
2019-04-15,2019,16,2846,92,17195818.0,16.550535717463397,15.92538371829709
2019-04-22,2019,17,3123,92,17195818.0,18.161392496710537,17.39812552098423
2019-04-29,2019,18,3514,92,17195818.0,20.43520116344567,19.38698118344821
2019-05-06,2019,19,3852,92,17195818.0,22.40079535617323,20.21130951723262
2019-05-13,2019,20,3413,92,17195818.0,19.847849052601045,20.150248159174517
2019-05-20,2019,21,3081,92,17195818.0,17.91714706447812,18.625168049580427
2019-05-27,2019,22,2465,92,17195818.0,14.334880725069317,15.675322918630563
2019-06-03,2019,23,1823,92,17195818.0,10.601414832373777,12.93483101530849
2019-06-10,2019,24,1528,92,17195818.0,8.885881439312744,10.313554144385572
2019-06-17,2019,25,1278,92,17195818.0,7.432039580786445,8.289806277316961
2019-06-24,2019,26,1073,92,17195818.0,6.2398892567948785,7.163078836959079
2019-07-01,2019,27,1048,92,17195818.0,6.094505070942248,5.8328135364075155
2019-07-08,2019,28,613,92,17195818.0,3.5648202371064874,4.726439882069
2019-07-15,2019,29,517,92,17195818.0,3.006544963432388,3.692758320656801
2019-07-22,2019,30,362,92,17195818.0,2.105163011146082,2.6707074941128126
2019-07-29,2019,31,345,92,17195818.0,2.0063017647662935,2.2360087784134492
2019-08-05,2019,32,314,92,17195818.0,1.8260253743090327,1.9263404625473473
2019-08-12,2019,33,304,92,17195818.0,1.7678716999679804,1.7039026581928232
2019-08-19,2019,34,209,92,17195818.0,1.2154117937279867,1.4814648538382995
2019-08-26,2019,35,192,92,17195818.0,1.1165505473481983,1.3593421377220902
2019-09-02,2019,36,230,92,17195818.0,1.3375345098441958,1.187788798415987
2019-09-09,2019,37,186,92,17195818.0,1.081658342743567,1.148535068235777
2019-09-16,2019,38,182,92,17195818.0,1.0583968730071462,1.1514427519528294
2019-09-23,2019,39,194,92,17195818.0,1.1281812822164086,1.0685737660168302
2019-09-30,2019,40,173,92,17195818.0,1.0060585661001995,1.052581505573041
2019-10-07,2019,41,175,92,17195818.0,1.0176893009684098,1.0613045567241988
2019-10-14,2019,42,188,92,17195818.0,1.0932890776117774,1.0351354032707254
2019-10-21,2019,43,176,92,17195818.0,1.023504668402515,1.048219979997462
2019-10-28,2019,44,182,92,17195818.0,1.0583968730071462,1.0656660822997777
2019-11-04,2019,45,187,92,17195818.0,1.0874737101776724,1.0802045008850407
2019-11-11,2019,46,198,92,17195818.0,1.1514427519528294,1.0554891892900935
2019-11-18,2019,47,159,92,17195818.0,0.9246434220227266,1.0874737101776724
2019-11-25,2019,48,204,92,17195818.0,1.1863349565574606,1.1092813380555668
2019-12-02,2019,49,202,92,17195818.0,1.1747042216892503,1.2023272170012498
2019-12-09,2019,50,262,92,17195818.0,1.523626267735562,1.3346268261271432
2019-12-16,2019,51,250,92,17195818.0,1.4538418585263,1.3200884075418804
2019-12-23,2019,52,194,92,17195818.0,1.1281812822164086,1.3898728167511427
2019-12-30,2020,1,250,92,17195818.0,1.4538418585263,1.5875953095107196
2020-01-06,2020,2,398,92,17195818.0,2.3145162387738694,1.881271364933032
2020-01-13,2020,3,452,92,17195818.0,2.62854608021555,2.2054780993843965
2020-01-20,2020,4,417,92,17195818.0,2.425008220021868,2.458446582767973
2020-01-27,2020,5,424,92,17195818.0,2.4657157920606045,2.4613542664850256
2020-02-03,2020,6,400,92,17195818.0,2.32614697364208,2.4686234757776573
2020-02-10,2020,7,457,92,17195818.0,2.657622917386076,2.5355002012698673
2020-02-17,2020,8,463,92,17195818.0,2.6925151219907075,2.4991541548067095
2020-02-24,2020,9,399,92,17195818.0,2.3203316062079744,2.532592517552814
2020-03-02,2020,10,423,92,17195818.0,2.4599004246264995,2.452631215333868
2020-03-09,2020,11,402,92,17195818.0,2.33777770851029,2.132786006458082
2020-03-16,2020,12,243,92,17195818.0,1.4131342864875636,1.827479216167559
2020-03-23,2020,13,189,92,17195818.0,1.0991044450458827,1.5076340072917729
2020-03-30,2020,14,203,92,17195818.0,1.1805195891233553,1.1936041658500922
2020-04-06,2020,15,186,92,17195818.0,1.081658342743567,1.1310889659334613
2020-04-13,2020,16,200,92,17195818.0,1.16307348682104,1.106373654338514
2020-04-20,2020,17,172,92,17195818.0,1.0002431986660942,1.0438584544218834
2020-04-27,2020,18,160,92,17195818.0,0.9304587894568319,0.9726202033540947
2020-05-04,2020,19,137,92,17195818.0,0.7967053384724123,0.867943589540201
2020-05-11,2020,20,128,92,17195818.0,0.7443670315654656,0.8446821198037802
2020-05-18,2020,21,156,92,17195818.0,0.9071973197204111,0.7589054501507285
2020-05-25,2020,22,101,92,17195818.0,0.5873521108446251,0.6716749386391505
2020-06-01,2020,23,77,92,17195818.0,0.4477832924261003,0.6135212642980985
2020-06-08,2020,24,88,92,17195818.0,0.5117523342012575,0.5291984365035731
2020-06-15,2020,25,98,92,17195818.0,0.5699060085423096,0.5175677016353627
2020-06-22,2020,26,93,92,17195818.0,0.5408291713717835,0.5248369109279942
2020-06-29,2020,27,82,92,17195818.0,0.4768601295966264,0.5190215434938891
2020-07-06,2020,28,84,92,17195818.0,0.48849086446483675,0.4957600737574683
2020-07-13,2020,29,82,92,17195818.0,0.4768601295966264,0.48994470632336307
2020-07-20,2020,30,89,92,17195818.0,0.5175677016353628,0.465229394728416
2020-07-27,2020,31,65,92,17195818.0,0.37799888321683794,0.4056218785288377
2020-08-03,2020,32,43,92,17195818.0,0.25006079966652356,0.3431066786122068
2020-08-10,2020,33,39,92,17195818.0,0.22679932993010277,0.2849530042711548
2020-08-17,2020,34,49,92,17195818.0,0.2849530042711548,0.24860695780799727
2020-08-24,2020,35,40,92,17195818.0,0.23261469736420798,0.29367605542231257
2020-08-31,2020,36,74,92,17195818.0,0.43033719012378474,0.32275289259283857
2020-09-07,2020,37,59,92,17195818.0,0.3431066786122068,0.33729131117810157
2020-09-14,2020,38,59,92,17195818.0,0.3431066786122068,0.363460464631575
2020-09-21,2020,39,58,92,17195818.0,0.33729131117810157,0.334383627461049
2020-09-28,2020,40,54,92,17195818.0,0.3140298414416808,0.319845208875786
2020-10-05,2020,41,49,92,17195818.0,0.2849530042711548,0.3183913670172597
2020-10-12,2020,42,58,92,17195818.0,0.33729131117810157,0.3387451530366279
2020-10-19,2020,43,72,92,17195818.0,0.4187064552555744,0.33438362746104894
2020-10-26,2020,44,51,92,17195818.0,0.29658373913936514,0.3387451530366279
2020-11-02,2020,45,52,92,17195818.0,0.30239910657347036,0.35909893905599605
2020-11-09,2020,46,72,92,17195818.0,0.4187064552555744,0.35619125533894347
2020-11-16,2020,47,70,92,17195818.0,0.407075720387364,0.3620066227730487
2020-11-23,2020,48,55,92,17195818.0,0.319845208875786,0.3954449855191536
2020-11-30,2020,49,75,92,17195818.0,0.43615255755788995,0.3765450413583117
2020-12-07,2020,50,59,92,17195818.0,0.3431066786122068,0.33147594374399636
2020-12-14,2020,51,39,92,17195818.0,0.22679932993010277,0.3009452647149441
2020-12-21,2020,52,34,92,17195818.0,0.19772249275957676,0.27332226940294435
2021-01-04,2021,1,56,92,17195818.0,0.32566057630989115,0.26896074382736546
2021-01-11,2021,2,56,92,17195818.0,0.32566057630989115,0.30966831586610183
2021-01-18,2021,3,67,92,17195818.0,0.3896296180850483,0.3663681483486276
2021-01-25,2021,4,73,92,17195818.0,0.4245218226896796,0.36927583206568015
2021-02-01,2021,5,58,92,17195818.0,0.33729131117810157,0.38672193436799573
2021-02-08,2021,6,68,92,17195818.0,0.3954449855191535,0.38381425065094316
2021-02-15,2021,7,65,92,17195818.0,0.37799888321683794,0.40852956224589027
2021-02-22,2021,8,90,92,17195818.0,0.523383069069468,0.45214481800167927
2021-03-01,2021,9,88,92,17195818.0,0.5117523342012575,0.5742675341178884
2021-03-08,2021,10,152,92,17195818.0,0.8839358499839902,0.8054283896235701
2021-03-15,2021,11,224,92,17195818.0,1.3026423052395646,0.9653509940614631
2021-03-22,2021,12,200,92,17195818.0,1.16307348682104,1.2095964262938814
2021-03-29,2021,13,256,92,17195818.0,1.4887340631309312,1.4552957003848261
2021-04-05,2021,14,321,92,17195818.0,1.8667329463477689,1.4756494864041945
2021-04-12,2021,15,238,92,17195818.0,1.3840574493170374,1.5207185840185096
2021-04-19,2021,16,231,92,17195818.0,1.343349877278301,1.4858263794138784
2021-04-26,2021,17,232,92,17195818.0,1.3491652447124063,1.275019309927565
2021-05-03,2021,18,176,92,17195818.0,1.023504668402515,1.183427272840408
2021-05-10,2021,19,175,92,17195818.0,1.0176893009684098,1.1412658589431453
2021-05-17,2021,20,202,92,17195818.0,1.1747042216892503,1.0322277195536729
2021-05-24,2021,21,157,92,17195818.0,0.9130126871545163,1.0394969288463043
2021-05-31,2021,22,181,92,17195818.0,1.052581505573041,1.0293200358366204
2021-06-07,2021,23,168,92,17195818.0,0.9769817289296735,0.9362741568909371
2021-06-14,2021,24,138,92,17195818.0,0.8025207059065175,0.8941127429936744
2021-06-21,2021,25,128,92,17195818.0,0.7443670315654656,0.7632669757263074
2021-06-28,2021,26,91,92,17195818.0,0.5291984365035731,0.6542288363368349
2021-07-05,2021,27,93,92,17195818.0,0.5408291713717835,0.6062520550054671
2021-07-12,2021,28,105,92,17195818.0,0.6106135805810459,0.5510060643814676
2021-07-19,2021,29,90,92,17195818.0,0.523383069069468,0.5219292272109416
2021-07-26,2021,30,71,92,17195818.0,0.41289108782146916,0.48412933888925785
2021-08-02,2021,31,67,92,17195818.0,0.3896296180850483,0.43179103198231106
2021-08-09,2021,32,69,92,17195818.0,0.40126035295325874,0.41289108782146916
2021-08-16,2021,33,77,92,17195818.0,0.4477832924261003,0.44051408313346885
2021-08-23,2021,34,90,92,17195818.0,0.523383069069468,0.4332448738408373
2021-08-30,2021,35,62,92,17195818.0,0.36055278091452236,0.43033719012378474
2021-09-06,2021,36,67,92,17195818.0,0.3896296180850483,0.42742950640673216
2021-09-13,2021,37,75,92,17195818.0,0.43615255755788995,0.3663681483486276
2021-09-20,2021,38,48,92,17195818.0,0.27913763683704956,0.36491430649010126
2021-09-27,2021,39,61,92,17195818.0,0.35473741348041715,0.32420673445136483
2021-10-04,2021,40,39,92,17195818.0,0.22679932993010277,0.27622995311999693
2021-10-11,2021,41,42,92,17195818.0,0.24424543223241837,0.26459921825178656
2021-10-18,2021,42,40,92,17195818.0,0.23261469736420798,0.2108070694863135
2021-10-25,2021,43,24,92,17195818.0,0.13956881841852478,0.2078993857692609
2021-11-01,2021,44,37,92,17195818.0,0.21516859506189237,0.17882254859873487
2021-11-08,2021,45,22,92,17195818.0,0.12793808355031439,0.19481480904252418
2021-11-15,2021,46,51,92,17195818.0,0.29658373913936514,0.2704145856858917
2021-11-22,2021,47,76,92,17195818.0,0.4419679249919951,0.31548368330020704
2021-11-29,2021,48,68,92,17195818.0,0.3954449855191535,0.38672193436799573
2021-12-06,2021,49,71,92,17195818.0,0.41289108782146916,0.3663681483486275
2021-12-13,2021,50,37,92,17195818.0,0.21516859506189237,0.32711441816841746
2021-12-20,2021,51,49,92,17195818.0,0.2849530042711548,0.2675069019688392
2021-12-27,2021,52,27,92,17195818.0,0.1570149207208404,0.2587838508176814
2022-01-03,2022,1,65,92,17195818.0,0.37799888321683794,0.32129905073431225
2022-01-10,2022,2,80,92,17195818.0,0.46522939472841596,0.35037588790483826
2022-01-17,2022,3,69,92,17195818.0,0.40126035295325874,0.43906024127494253
2022-01-24,2022,4,88,92,17195818.0,0.5117523342012575,0.5015754411915734
2022-01-31,2022,5,108,92,17195818.0,0.6280596828833616,0.5902597945616778
2022-02-07,2022,6,141,92,17195818.0,0.819966808208833,0.7094748269608343
2022-02-14,2022,7,151,92,17195818.0,0.8781204825498852,0.809789915199149
2022-02-21,2022,8,157,92,17195818.0,0.9130126871545163,0.9973355149490417
2022-02-28,2022,9,237,92,17195818.0,1.3782420818829322,1.322996091258933
2022-03-07,2022,10,365,92,17195818.0,2.122609113448398,1.6864565558905078
2022-03-14,2022,11,401,92,17195818.0,2.331962341076185,2.1822166296479764
2022-03-21,2022,12,498,92,17195818.0,2.8960529821843894,2.6009230849035503
2022-03-28,2022,13,525,92,17195818.0,3.0530679029052292,2.996368070422704
2022-04-04,2022,14,637,92,17195818.0,3.704389055525012,3.3074902281473317
2022-04-11,2022,15,615,92,17195818.0,3.576450971974697,3.688396795081222
2022-04-18,2022,16,760,92,17195818.0,4.419679249919951,4.357164050003321
2022-04-25,2022,17,985,92,17195818.0,5.728136922593621,5.1509617047586795
2022-05-02,2022,18,1183,92,17195818.0,6.87957967454645,6.412896437959508
2022-05-09,2022,19,1483,92,17195818.0,8.62418990477801,7.125278948637395
2022-05-16,2022,20,1250,92,17195818.0,7.269209292631499,7.357893646001603
2022-05-23,2022,21,1145,92,17195818.0,6.658595712050453,7.203786408997815
2022-05-30,2022,22,1077,92,17195818.0,6.2631507265313,6.36928118220372
2022-06-06,2022,23,909,92,17195818.0,5.286168997601626,5.454814653190677
2022-06-13,2022,24,621,92,17195818.0,3.611343176579329,4.66392468215237
2022-06-20,2022,25,601,92,17195818.0,3.4950358278972247,3.8541347669532207
2022-06-27,2022,26,520,92,17195818.0,3.0239910657347036,3.1940905631822805
2022-07-04,2022,27,455,92,17195818.0,2.645992182517866,2.938214396081652
2022-07-11,2022,28,445,92,17195818.0,2.5878385081768136,2.7012381731418653
2022-07-18,2022,29,438,92,17195818.0,2.5471309361380774,2.5180540989675513
2022-07-25,2022,30,394,92,17195818.0,2.2912547690374483,2.369762229397869
2022-08-01,2022,31,353,92,17195818.0,2.052824704239135,2.138601373892187
2022-08-08,2022,32,286,92,17195818.0,1.663195086154087,1.9147097276791367
2022-08-15,2022,33,284,92,17195818.0,1.6515643512858766,1.7039026581928234
2022-08-22,2022,34,249,92,17195818.0,1.4480264910921947,1.5207185840185098
2022-08-29,2022,35,227,92,17195818.0,1.3200884075418802,1.440757281799563
2022-09-05,2022,36,231,92,17195818.0,1.343349877278301,1.439303439941037
2022-09-12,2022,37,283,92,17195818.0,1.6457489838517714,1.4611110678189312
2022-09-19,2022,38,264,92,17195818.0,1.5352570026037726,1.4741956445456679
2022-09-26,2022,39,236,92,17195818.0,1.3724267144488271,1.541072370037878
2022-10-03,2022,40,277,92,17195818.0,1.6108567792471402,1.5948645188033508
2022-10-10,2022,41,320,92,17195818.0,1.8609175789136638,1.735887179080402
2022-10-17,2022,42,361,92,17195818.0,2.099347643711977,1.8870867323671372
2022-10-24,2022,43,340,92,17195818.0,1.9772249275957676,2.0019402391907146
2022-10-31,2022,44,356,92,17195818.0,2.0702708065414512,2.103709169287556
2022-11-07,2022,45,390,92,17195818.0,2.2679932993010277,2.089170750702293
2022-11-14,2022,46,351,92,17195818.0,2.041193969370925,2.017932499634504
2022-11-21,2022,47,291,92,17195818.0,1.6922719233246128,1.916163569537663
2022-11-28,2022,48,286,92,17195818.0,1.663195086154087,1.779502434836191
2022-12-05,2022,49,296,92,17195818.0,1.721348760495139,1.7387948627974545
2022-12-12,2022,50,323,92,17195818.0,1.8783636812159794,1.7824101185532435
2022-12-19,2022,51,321,92,17195818.0,1.8667329463477689,1.9452404067081892
2022-12-26,2022,52,398,92,17195818.0,2.3145162387738694,2.4410004804656573
2023-01-02,2023,1,637,92,17195818.0,3.704389055525012,2.9934603867056513
2023-01-09,2023,2,703,92,17195818.0,4.088203306175956,3.704389055525012
2023-01-16,2023,3,810,92,17195818.0,4.710447621625212,4.586871063650476
2023-01-23,2023,4,1005,92,17195818.0,5.844444271275726,5.502791434522045
2023-01-30,2023,5,1267,92,17195818.0,7.368070539011287,6.953725609331292
2023-02-06,2023,6,1701,92,17195818.0,9.891940005412943,7.775146259398651
2023-02-13,2023,7,1375,92,17195818.0,7.996130221894648,8.779750983640323
2023-02-20,2023,8,1696,92,17195818.0,9.862863168242418,10.530176581305989
2023-02-27,2023,9,2471,92,17195818.0,14.369772929673948,12.104687314089972
2023-03-06,2023,10,2784,92,17195818.0,16.189982936548873,14.94549430565036
2023-03-13,2023,11,3329,92,17195818.0,19.35935818813621,17.925870115629277
2023-03-20,2023,12,3746,92,17195818.0,21.78436640815808,19.971425610575782
2023-03-27,2023,13,3878,92,17195818.0,22.551994909459964,21.23626802749366
2023-04-03,2023,14,3654,92,17195818.0,21.249352604220398,22.61160242565954
2023-04-10,2023,15,4275,92,17195818.0,24.860695780799727,22.34554936554923
2023-04-17,2023,16,3563,92,17195818.0,20.720154167716824,21.91957370100102
2023-04-24,2023,17,3585,92,17195818.0,20.84809225126714,22.5374564908747
2023-05-01,2023,18,4079,92,17195818.0,23.720883763715108,21.827981663913867
2023-05-08,2023,19,3787,92,17195818.0,22.02279647295639,21.654974482749235
2023-05-15,2023,20,3444,92,17195818.0,20.028125443058308,20.791392418784614
2023-05-22,2023,21,2991,92,17195818.0,17.39376399540865,18.740021556404006
2023-05-29,2023,22,2668,92,17195818.0,15.515400314192673,16.91108849837792
2023-06-05,2023,23,2529,92,17195818.0,14.707064240852048,15.772730323151826
2023-06-12,2023,24,2661,92,17195818.0,15.474692742153934,14.88734063130931
2023-06-19,2023,25,2382,92,17195818.0,13.852205228038585,13.77515160953669
2023-06-26,2023,26,1903,92,17195818.0,11.066644227102195,12.40417873694639
2023-07-03,2023,27,1586,92,17195818.0,9.223172750490846,10.562161102193569
2023-07-10,2023,28,1394,92,17195818.0,8.106622203142647,8.887335281171271
2023-07-17,2023,29,1230,92,17195818.0,7.152901943949394,7.676285013018863
2023-07-24,2023,30,1070,92,17195818.0,6.222443154492563,7.026417702257606
2023-07-31,2023,31,1139,92,17195818.0,6.623703507445823,6.492857740178455
2023-08-07,2023,32,1027,92,17195818.0,5.97238235482604,6.202089368473195
2023-08-14,2023,33,1030,92,17195818.0,5.989828457128355,6.093051229083723
2023-08-21,2023,34,995,92,17195818.0,5.786290596934673,5.707783136574253
2023-08-28,2023,35,874,92,17195818.0,5.082631137407945,5.4824376485026765
2023-09-04,2023,36,872,92,17195818.0,5.071000402539734,5.620552625062675
2023-09-11,2023,37,1125,92,17195818.0,6.542288363368349,5.8139135922466725
2023-09-18,2023,38,1128,92,17195818.0,6.559734465670664,5.950574726948146
2023-09-25,2023,39,968,92,17195818.0,5.629275676213833,6.2238969963510895
2023-10-02,2023,40,1060,92,17195818.0,6.164289480151512,5.930220940928777
2023-10-09,2023,41,923,92,17195818.0,5.367584141679099,5.970928512967513
2023-10-16,2023,42,1156,92,17195818.0,6.722564753825611,6.209358577765827
2023-10-23,2023,43,1132,92,17195818.0,6.5829959354070855,6.343112028750246
2023-10-30,2023,44,1152,92,17195818.0,6.69930328408919,7.1470865765152904
2023-11-06,2023,45,1476,92,17195818.0,8.583482332739274,7.350624436708973
2023-11-13,2023,46,1296,92,17195818.0,7.536716194600339,8.429375095735487
2023-11-20,2023,47,1874,92,17195818.0,10.897998571513144,9.784355707881998
2023-11-27,2023,48,2084,92,17195818.0,12.119225732675236,10.980867557449143
2023-12-04,2023,49,2299,92,17195818.0,13.369529731007852,12.915931071147648
2023-12-11,2023,50,2627,92,17195818.0,15.276970249394358,13.023515368678591
2023-12-18,2023,51,1948,92,17195818.0,11.328335761636927,13.60941363766469
2023-12-25,2023,52,2487,92,17195818.0,14.46281880861963,13.689374939883637
