date,year,week,total_cases,municipalities,rolling_4wk_cases
2017-01-02,2017,1,604,92,574.0
2017-01-09,2017,2,544,92,601.3333333333334
2017-01-16,2017,3,656,92,626.0
2017-01-23,2017,4,700,92,631.25
2017-01-30,2017,5,625,92,656.5
2017-02-06,2017,6,645,92,642.0
2017-02-13,2017,7,598,92,568.5
2017-02-20,2017,8,406,92,539.25
2017-02-27,2017,9,508,92,513.0
2017-03-06,2017,10,540,92,508.25
2017-03-13,2017,11,579,92,543.25
2017-03-20,2017,12,546,92,542.75
2017-03-27,2017,13,506,92,529.25
2017-04-03,2017,14,486,92,482.75
2017-04-10,2017,15,393,92,461.0
2017-04-17,2017,16,459,92,449.25
2017-04-24,2017,17,459,92,438.75
2017-05-01,2017,18,444,92,432.0
2017-05-08,2017,19,366,92,418.75
2017-05-15,2017,20,406,92,376.0
2017-05-22,2017,21,288,92,356.25
2017-05-29,2017,22,365,92,365.0
2017-06-05,2017,23,401,92,322.0
2017-06-12,2017,24,234,92,319.0
2017-06-19,2017,25,276,92,283.75
2017-06-26,2017,26,224,92,243.5
2017-07-03,2017,27,240,92,237.25
2017-07-10,2017,28,209,92,212.75
2017-07-17,2017,29,178,92,198.0
2017-07-24,2017,30,165,92,185.25
2017-07-31,2017,31,189,92,164.0
2017-08-07,2017,32,124,92,153.5
2017-08-14,2017,33,136,92,145.25
2017-08-21,2017,34,132,92,131.0
2017-08-28,2017,35,132,92,127.25
2017-09-04,2017,36,109,92,126.0
2017-09-11,2017,37,131,92,131.25
2017-09-18,2017,38,153,92,129.0
2017-09-25,2017,39,123,92,142.75
2017-10-02,2017,40,164,92,148.0
2017-10-09,2017,41,152,92,151.5
2017-10-16,2017,42,167,92,156.5
2017-10-23,2017,43,143,92,152.25
2017-10-30,2017,44,147,92,163.0
2017-11-06,2017,45,195,92,171.25
2017-11-13,2017,46,200,92,181.25
2017-11-20,2017,47,183,92,195.25
2017-11-27,2017,48,203,92,210.75
2017-12-04,2017,49,257,92,233.25
2017-12-11,2017,50,290,92,245.0
2017-12-18,2017,51,230,92,249.75
2017-12-25,2017,52,222,92,287.5
2018-01-01,2018,1,408,92,320.75
2018-01-08,2018,2,423,92,432.25
2018-01-15,2018,3,676,92,523.75
2018-01-22,2018,4,588,92,566.75
2018-01-29,2018,5,580,92,596.5
2018-02-05,2018,6,542,92,577.25
2018-02-12,2018,7,599,92,635.25
2018-02-19,2018,8,820,92,700.0
2018-02-26,2018,9,839,92,830.5
2018-03-05,2018,10,1064,92,964.25
2018-03-12,2018,11,1134,92,1030.75
2018-03-19,2018,12,1086,92,1080.25
2018-03-26,2018,13,1037,92,1149.25
2018-04-02,2018,14,1340,92,1191.25
2018-04-09,2018,15,1302,92,1176.5
2018-04-16,2018,16,1027,92,1126.75
2018-04-23,2018,17,838,92,1046.0
2018-04-30,2018,18,1017,92,930.5
2018-05-07,2018,19,840,92,866.5
2018-05-14,2018,20,771,92,792.0
2018-05-21,2018,21,540,92,647.0
2018-05-28,2018,22,437,92,538.0
2018-06-04,2018,23,404,92,448.0
2018-06-11,2018,24,411,92,396.0
2018-06-18,2018,25,332,92,373.5
2018-06-25,2018,26,347,92,382.75
2018-07-02,2018,27,441,92,364.25
2018-07-09,2018,28,337,92,364.25
2018-07-16,2018,29,332,92,348.75
2018-07-23,2018,30,285,92,287.0
2018-07-30,2018,31,194,92,261.75
2018-08-06,2018,32,236,92,220.75
2018-08-13,2018,33,168,92,192.25
2018-08-20,2018,34,171,92,183.25
2018-08-27,2018,35,158,92,150.5
2018-09-03,2018,36,105,92,140.25
2018-09-10,2018,37,127,92,130.5
2018-09-17,2018,38,132,92,121.0
2018-09-24,2018,39,120,92,135.0
2018-10-01,2018,40,161,92,135.0
2018-10-08,2018,41,127,92,143.0
2018-10-15,2018,42,164,92,149.75
2018-10-22,2018,43,147,92,154.0
2018-10-29,2018,44,178,92,168.5
2018-11-05,2018,45,185,92,170.0
2018-11-12,2018,46,170,92,193.5
2018-11-19,2018,47,241,92,214.5
2018-11-26,2018,48,262,92,247.75
2018-12-03,2018,49,318,92,290.0
2018-12-10,2018,50,339,92,307.5
2018-12-17,2018,51,311,92,325.0
2018-12-24,2018,52,332,92,361.75
2018-12-31,2019,1,465,92,407.25
2019-01-07,2019,2,521,92,466.75
2019-01-14,2019,3,549,92,534.0
2019-01-21,2019,4,601,92,564.0
2019-01-28,2019,5,585,92,579.5
2019-02-04,2019,6,583,92,579.5
2019-02-11,2019,7,549,92,570.0
2019-02-18,2019,8,563,92,581.0
2019-02-25,2019,9,629,92,648.25
2019-03-04,2019,10,852,92,792.75
2019-03-11,2019,11,1127,92,1046.75
2019-03-18,2019,12,1579,92,1355.0
2019-03-25,2019,13,1862,92,1767.25
2019-04-01,2019,14,2501,92,2106.5
2019-04-08,2019,15,2484,92,2423.25
2019-04-15,2019,16,2846,92,2738.5
2019-04-22,2019,17,3123,92,2991.75
2019-04-29,2019,18,3514,92,3333.75
2019-05-06,2019,19,3852,92,3475.5
2019-05-13,2019,20,3413,92,3465.0
2019-05-20,2019,21,3081,92,3202.75
2019-05-27,2019,22,2465,92,2695.5
2019-06-03,2019,23,1823,92,2224.25
2019-06-10,2019,24,1528,92,1773.5
2019-06-17,2019,25,1278,92,1425.5
2019-06-24,2019,26,1073,92,1231.75
2019-07-01,2019,27,1048,92,1003.0
2019-07-08,2019,28,613,92,812.75
2019-07-15,2019,29,517,92,635.0
2019-07-22,2019,30,362,92,459.25
2019-07-29,2019,31,345,92,384.5
2019-08-05,2019,32,314,92,331.25
2019-08-12,2019,33,304,92,293.0
2019-08-19,2019,34,209,92,254.75
2019-08-26,2019,35,192,92,233.75
2019-09-02,2019,36,230,92,204.25
2019-09-09,2019,37,186,92,197.5
2019-09-16,2019,38,182,92,198.0
2019-09-23,2019,39,194,92,183.75
2019-09-30,2019,40,173,92,181.0
2019-10-07,2019,41,175,92,182.5
2019-10-14,2019,42,188,92,178.0
2019-10-21,2019,43,176,92,180.25
2019-10-28,2019,44,182,92,183.25
2019-11-04,2019,45,187,92,185.75
2019-11-11,2019,46,198,92,181.5
2019-11-18,2019,47,159,92,187.0
2019-11-25,2019,48,204,92,190.75
2019-12-02,2019,49,202,92,206.75
2019-12-09,2019,50,262,92,229.5
2019-12-16,2019,51,250,92,227.0
2019-12-23,2019,52,194,92,239.0
2019-12-30,2020,1,250,92,273.0
2020-01-06,2020,2,398,92,323.5
2020-01-13,2020,3,452,92,379.25
2020-01-20,2020,4,417,92,422.75
2020-01-27,2020,5,424,92,423.25
2020-02-03,2020,6,400,92,424.5
2020-02-10,2020,7,457,92,436.0
2020-02-17,2020,8,463,92,429.75
2020-02-24,2020,9,399,92,435.5
2020-03-02,2020,10,423,92,421.75
2020-03-09,2020,11,402,92,366.75
2020-03-16,2020,12,243,92,314.25
2020-03-23,2020,13,189,92,259.25
2020-03-30,2020,14,203,92,205.25
2020-04-06,2020,15,186,92,194.5
2020-04-13,2020,16,200,92,190.25
2020-04-20,2020,17,172,92,179.5
2020-04-27,2020,18,160,92,167.25
2020-05-04,2020,19,137,92,149.25
2020-05-11,2020,20,128,92,145.25
2020-05-18,2020,21,156,92,130.5
2020-05-25,2020,22,101,92,115.5
2020-06-01,2020,23,77,92,105.5
2020-06-08,2020,24,88,92,91.0
2020-06-15,2020,25,98,92,89.0
2020-06-22,2020,26,93,92,90.25
2020-06-29,2020,27,82,92,89.25
2020-07-06,2020,28,84,92,85.25
2020-07-13,2020,29,82,92,84.25
2020-07-20,2020,30,89,92,80.0
2020-07-27,2020,31,65,92,69.75
2020-08-03,2020,32,43,92,59.0
2020-08-10,2020,33,39,92,49.0
2020-08-17,2020,34,49,92,42.75
2020-08-24,2020,35,40,92,50.5
2020-08-31,2020,36,74,92,55.5
2020-09-07,2020,37,59,92,58.0
2020-09-14,2020,38,59,92,62.5
2020-09-21,2020,39,58,92,57.5
2020-09-28,2020,40,54,92,55.0
2020-10-05,2020,41,49,92,54.75
2020-10-12,2020,42,58,92,58.25
2020-10-19,2020,43,72,92,57.5
2020-10-26,2020,44,51,92,58.25
2020-11-02,2020,45,52,92,61.75
2020-11-09,2020,46,72,92,61.25
2020-11-16,2020,47,70,92,62.25
2020-11-23,2020,48,55,92,68.0
2020-11-30,2020,49,75,92,64.75
2020-12-07,2020,50,59,92,57.0
2020-12-14,2020,51,39,92,51.75
2020-12-21,2020,52,34,92,47.0
2021-01-04,2021,1,56,92,46.25
2021-01-11,2021,2,56,92,53.25
2021-01-18,2021,3,67,92,63.0
2021-01-25,2021,4,73,92,63.5
2021-02-01,2021,5,58,92,66.5
2021-02-08,2021,6,68,92,66.0
2021-02-15,2021,7,65,92,70.25
2021-02-22,2021,8,90,92,77.75
2021-03-01,2021,9,88,92,98.75
2021-03-08,2021,10,152,92,138.5
2021-03-15,2021,11,224,92,166.0
2021-03-22,2021,12,200,92,208.0
2021-03-29,2021,13,256,92,250.25
2021-04-05,2021,14,321,92,253.75
2021-04-12,2021,15,238,92,261.5
2021-04-19,2021,16,231,92,255.5
2021-04-26,2021,17,232,92,219.25
2021-05-03,2021,18,176,92,203.5
2021-05-10,2021,19,175,92,196.25
2021-05-17,2021,20,202,92,177.5
2021-05-24,2021,21,157,92,178.75
2021-05-31,2021,22,181,92,177.0
2021-06-07,2021,23,168,92,161.0
2021-06-14,2021,24,138,92,153.75
2021-06-21,2021,25,128,92,131.25
2021-06-28,2021,26,91,92,112.5
2021-07-05,2021,27,93,92,104.25
2021-07-12,2021,28,105,92,94.75
2021-07-19,2021,29,90,92,89.75
2021-07-26,2021,30,71,92,83.25
2021-08-02,2021,31,67,92,74.25
2021-08-09,2021,32,69,92,71.0
2021-08-16,2021,33,77,92,75.75
2021-08-23,2021,34,90,92,74.5
2021-08-30,2021,35,62,92,74.0
2021-09-06,2021,36,67,92,73.5
2021-09-13,2021,37,75,92,63.0
2021-09-20,2021,38,48,92,62.75
2021-09-27,2021,39,61,92,55.75
2021-10-04,2021,40,39,92,47.5
2021-10-11,2021,41,42,92,45.5
2021-10-18,2021,42,40,92,36.25
2021-10-25,2021,43,24,92,35.75
2021-11-01,2021,44,37,92,30.75
2021-11-08,2021,45,22,92,33.5
2021-11-15,2021,46,51,92,46.5
2021-11-22,2021,47,76,92,54.25
2021-11-29,2021,48,68,92,66.5
2021-12-06,2021,49,71,92,63.0
2021-12-13,2021,50,37,92,56.25
2021-12-20,2021,51,49,92,46.0
2021-12-27,2021,52,27,92,44.5
2022-01-03,2022,1,65,92,55.25
2022-01-10,2022,2,80,92,60.25
2022-01-17,2022,3,69,92,75.5
2022-01-24,2022,4,88,92,86.25
2022-01-31,2022,5,108,92,101.5
2022-02-07,2022,6,141,92,122.0
2022-02-14,2022,7,151,92,139.25
2022-02-21,2022,8,157,92,171.5
2022-02-28,2022,9,237,92,227.5
2022-03-07,2022,10,365,92,290.0
2022-03-14,2022,11,401,92,375.25
2022-03-21,2022,12,498,92,447.25
2022-03-28,2022,13,525,92,515.25
2022-04-04,2022,14,637,92,568.75
2022-04-11,2022,15,615,92,634.25
2022-04-18,2022,16,760,92,749.25
2022-04-25,2022,17,985,92,885.75
2022-05-02,2022,18,1183,92,1102.75
2022-05-09,2022,19,1483,92,1225.25
2022-05-16,2022,20,1250,92,1265.25
2022-05-23,2022,21,1145,92,1238.75
2022-05-30,2022,22,1077,92,1095.25
2022-06-06,2022,23,909,92,938.0
2022-06-13,2022,24,621,92,802.0
2022-06-20,2022,25,601,92,662.75
2022-06-27,2022,26,520,92,549.25
2022-07-04,2022,27,455,92,505.25
2022-07-11,2022,28,445,92,464.5
2022-07-18,2022,29,438,92,433.0
2022-07-25,2022,30,394,92,407.5
2022-08-01,2022,31,353,92,367.75
2022-08-08,2022,32,286,92,329.25
2022-08-15,2022,33,284,92,293.0
2022-08-22,2022,34,249,92,261.5
2022-08-29,2022,35,227,92,247.75
2022-09-05,2022,36,231,92,247.5
2022-09-12,2022,37,283,92,251.25
2022-09-19,2022,38,264,92,253.5
2022-09-26,2022,39,236,92,265.0
2022-10-03,2022,40,277,92,274.25
2022-10-10,2022,41,320,92,298.5
2022-10-17,2022,42,361,92,324.5
2022-10-24,2022,43,340,92,344.25
2022-10-31,2022,44,356,92,361.75
2022-11-07,2022,45,390,92,359.25
2022-11-14,2022,46,351,92,347.0
2022-11-21,2022,47,291,92,329.5
2022-11-28,2022,48,286,92,306.0
2022-12-05,2022,49,296,92,299.0
2022-12-12,2022,50,323,92,306.5
2022-12-19,2022,51,321,92,334.5
2022-12-26,2022,52,398,92,419.75
2023-01-02,2023,1,637,92,514.75
2023-01-09,2023,2,703,92,637.0
2023-01-16,2023,3,810,92,788.75
2023-01-23,2023,4,1005,92,946.25
2023-01-30,2023,5,1267,92,1195.75
2023-02-06,2023,6,1701,92,1337.0
2023-02-13,2023,7,1375,92,1509.75
2023-02-20,2023,8,1696,92,1810.75
2023-02-27,2023,9,2471,92,2081.5
2023-03-06,2023,10,2784,92,2570.0
2023-03-13,2023,11,3329,92,3082.5
2023-03-20,2023,12,3746,92,3434.25
2023-03-27,2023,13,3878,92,3651.75
2023-04-03,2023,14,3654,92,3888.25
2023-04-10,2023,15,4275,92,3842.5
2023-04-17,2023,16,3563,92,3769.25
2023-04-24,2023,17,3585,92,3875.5
2023-05-01,2023,18,4079,92,3753.5
2023-05-08,2023,19,3787,92,3723.75
2023-05-15,2023,20,3444,92,3575.25
2023-05-22,2023,21,2991,92,3222.5
2023-05-29,2023,22,2668,92,2908.0
2023-06-05,2023,23,2529,92,2712.25
2023-06-12,2023,24,2661,92,2560.0
2023-06-19,2023,25,2382,92,2368.75
2023-06-26,2023,26,1903,92,2133.0
2023-07-03,2023,27,1586,92,1816.25
2023-07-10,2023,28,1394,92,1528.25
2023-07-17,2023,29,1230,92,1320.0
2023-07-24,2023,30,1070,92,1208.25
2023-07-31,2023,31,1139,92,1116.5
2023-08-07,2023,32,1027,92,1066.5
2023-08-14,2023,33,1030,92,1047.75
2023-08-21,2023,34,995,92,981.5
2023-08-28,2023,35,874,92,942.75
2023-09-04,2023,36,872,92,966.5
2023-09-11,2023,37,1125,92,999.75
2023-09-18,2023,38,1128,92,1023.25
2023-09-25,2023,39,968,92,1070.25
2023-10-02,2023,40,1060,92,1019.75
2023-10-09,2023,41,923,92,1026.75
2023-10-16,2023,42,1156,92,1067.75
2023-10-23,2023,43,1132,92,1090.75
2023-10-30,2023,44,1152,92,1229.0
2023-11-06,2023,45,1476,92,1264.0
2023-11-13,2023,46,1296,92,1449.5
2023-11-20,2023,47,1874,92,1682.5
2023-11-27,2023,48,2084,92,1888.25
2023-12-04,2023,49,2299,92,2221.0
2023-12-11,2023,50,2627,92,2239.5
2023-12-18,2023,51,1948,92,2340.25
2023-12-25,2023,52,2487,92,2354.0
